news_source,news_text,news_thread,news_time,news_title,news_url
 中国新闻网,"　　又到了一年秋高蟹肥季，也到了中秋节“送礼就送大闸蟹”的日子。21日，阳澄湖大闸蟹正式开捕！第一批大闸蟹当日便可爬上很多城市人们的餐桌。,　　,
,　　在阳澄湖畔，大家有句耳熟能详的俗语：秋风起，菊花黄，蟹脚痒。阳澄湖大闸蟹9月21日正式开捕之前，大闸蟹的买卖已经逐渐进入高潮。,
,　　“我们是正宗的阳澄湖大闸蟹，有‘戒指’查真伪，保管你放心。”自称阳澄湖大闸蟹养殖户的微商卖家“邹老板”几天前就上新了大量阳澄湖大闸蟹。,
,　　在他提供的价格单里，8只装的大闸蟹礼盒，从158-398元不等，这个价格比几家大品牌的预售价便宜了3、4倍。,
,　　邹老板为了证明自己的大闸蟹“血统纯正”，给记者展示了“戒指”――蟹扣，“我们现在发出去的螃蟹每只都戴着这个戒指，都是官方发的。”,
,　　但据扬子晚报报道，2017年河蟹市场大闸蟹一共卖了778个亿，其中挂‘阳澄湖’旗号的大概有40%，就是将近300个亿，但阳澄湖只有16000亩水面养大闸蟹，水面产能差不多只有3个亿，真正的阳澄湖大闸蟹只能占到市面上挂着‘阳澄湖’旗号大闸蟹的百分之一。,
,　　,
,　　“9月21日正式开捕，蟹扣也是当天才能领。19日是试捕，21日后发货。”在阳澄湖莲花岛养了20年的大闸蟹屈先生说。,
,　　如此说来，除了大量现货大闸蟹的真假值得怀疑，就连这判断真伪的防伪码都不靠谱！,
,　　这样的事情让家住成都的余女士颇为苦恼。,
,　　余女士告诉记者，自己并不喜欢吃大闸蟹，但为了今年中秋节去男友家过节，她已经在朋友圈一位蟹贩手上买了2盒阳澄湖大闸蟹礼盒，单盒售价598元。,
,　　“我也不懂这东西怎么判断真伪，卖家就跟我说他们的螃蟹有蟹扣，官方认证过。”19日早上，余女士收到礼盒，扫描蟹扣上的二维码显示自己所购买的是“正宗大闸蟹”，但这蟹扣却来历不明。,
,　　在正式开捕之前，中新网记者在电商平台上咨询多家阳澄湖大闸蟹卖家，除了一部分像邹老板一样信誓旦旦愿意提供蟹扣的，另一部分卖家则表示无法提供带蟹扣的大闸蟹，并且只销售蟹卡和少量现货。,
,　　多家阳澄湖大闸蟹养殖户、阳澄湖大闸蟹品牌旗舰店也均表示，无法提供带蟹扣的大闸蟹。,
,　　,
,　　实际上，余女士的蟹扣并不“正宗”，登录阳澄湖大闸蟹防伪查验官方网站，可以了解到，官方防伪码为12位、8位，而邹老板提供的却是16位。,
,　　记者在调查过程中发现，电商平台上有专门的蟹扣制作方案，买家只需要提供营业执照或者个体经营户执照，就可以随便印刷阳澄湖大闸蟹防伪码。,
,　　当然，也有定制“400”开头的电话系统，“2万个起订，每个0.22元。”这是一个类似自动回复的系统，消费者打电话查询真伪时就会收到语音自动回复，当然，查询结果必须是“正宗阳澄湖大闸蟹”！,
,　　,
,　　对于“市面上99%的阳澄湖大闸蟹都是假货”的说法，苏蟹阁销售代表艾先生向记者表示：“要说土生土长的野生阳澄湖大闸蟹才是正宗的，这个比例可能比较接近。”但现在都是围养，产量上也有所增加。,
,　　对于网络上传言的“洗澡蟹”，艾先生证实确有其事。“把普通大闸蟹拿到阳澄湖来‘过水’的商家确实存在。阳澄湖的大闸蟹养殖成本比普通大闸蟹高出一倍不止。以阳澄湖之名贩卖普通大闸蟹，自然是暴利。”,
,　　不过，现在连走过场的“洗澡”都省了，去买一堆防伪蟹扣戴上，就是“正宗阳澄湖大闸蟹”了！,　　“现在养蟹不如贩蟹！”屈先生说。他的父母也做了一辈子的蟹农，面对外面那些以次充好的蟹贩，他表示很无奈。,
,　　“偶尔有‘你家螃蟹不便宜啊’之类的话，我都笑而不语。”网上99元买8只还送2只的小毛蟹都能叫阳澄湖大闸蟹，只看价格的话，屈先生近600元的大闸蟹礼盒价格就显得虚高了。,　　屈先生在莲花岛上开办了一家叫“蟹皇蟹逅”的农家乐，过来的也都是培养了信任感的老顾客。,
,　　防伪蟹扣可以买，过水螃蟹也叫正宗，抢生意不说，还可能把阳澄湖大闸蟹的口碑也砸了。,
,　　,
,　　真真假假，虚虚实实，网友感叹：正宗阳澄湖大闸蟹，找你找得好辛苦啊。,　　中新网记者咨询了多位业内人士，对于如何判断阳澄湖大闸蟹是否正宗，他们给出了唯一答案：蟹扣。,
,　　实际上，真正的蟹扣是有钱也买不到的！更不是淘宝上几毛钱就能冒充得了的。,
,　　为防止假冒、保护品牌，苏州市质监局会向经过认证的养殖户及经销商发放大闸蟹防伪锁扣，这是检验大闸蟹是否出自阳澄湖的一个重要标志。,
,　　正宗阳澄湖大闸蟹的蟹脚上会有一个防伪蟹扣，而这个蟹扣是由苏州市质监局地理保护办公室颁发，并由苏州市阳澄湖大闸蟹行业协会发放。蟹农每年会根据自己的养殖面积去领取蟹扣，养多少领多少。,
,　　官方的防伪蟹扣上有二维码、防伪编码，消费者可以通过电话、微信扫码、网页查询等多种方式查询真伪。,　　而外面印刷的盗版蟹扣，其实漏洞百出。比如，一些使用假蟹扣的卖家会跟消费者不断强调，扫二维码或者打电话才是辨别大闸蟹真伪的唯一途径。,
,　　在购买之前，只要咨询销售人员询问防伪查询的正规渠道就能迅速判别商家贩卖是否卖假蟹。,
,　　“理论上是可能出现用真的蟹扣用在假蟹身上的，但是原本的真蟹都不够用，这样做反倒得不偿失了。”一位蟹农如是说。,
,　　一般情况下，阳澄湖大闸蟹上市之后，正规的销售渠道会直接给出正确防伪查询方式。,　　“购买阳澄湖大闸蟹或蟹券时，要有选择地购买，认准品牌，价格过于便宜很难买到正宗的阳澄湖大闸蟹。”苏州质量技术监督局计量处处长劳伟梁提醒消费者，大闸蟹市场鱼龙混杂，要想买到正宗的阳澄湖大闸蟹，就不能抱有贪小便宜的心理。,
,　　当地商家对此表示，就拿5个4两公蟹和5个三两母蟹来说，在实体店里要卖到近1200元，如果直接去阳澄湖蟹农那里买的话，这样的规格也需要五六百元，但某些电商那里却只要一两百，甚至还有99块的，这样的价格怎么可能买到真的阳澄湖大闸蟹？(完)",c_1123462711, 2018-09-21 08:1,"
阳澄湖大闸蟹今日开捕！ 教你一招辨别冒牌货-新",http://www.xinhuanet.com/food/2018-09/21/c_1123462711.htm
 新华网,"　　新华网快消事业部面向全国招聘，工作地点在北京。,　　,　　岗位职责：,　　1、负责快消、食品行业方面的市场营销工作，其中包括：提出市场推广、品牌、公关活动等方面的具体方向和实施方案；完成与客户沟通，谈判，维护客情关系；,　　2、组织和监督实施相关的市场推广计划，策划品牌推广方案；,　　3、负责调研市场竞争对手的销售策略；,　　4、依据年度计划及市场情况，按要求完成业绩目标，以确保完成公司下达的年度营销指标；,　　5、负责挖掘和捕捉客户需求，在需求分析基础上提出执行方案或产品的修改意见，进行可行性分析。,　　任职要求：,　　1、本科（含本科）以上学历，善于沟通，有一定的客户资源和较高的活动策划能力，性格外向开朗，至少2年以上大型媒体、广告和文化公司市场营销经历，有互联网营销经验者优先；,　　2、对互联网和快消、食品行业有较深理解，熟悉网络媒体定位和运作；,　　3、有吃苦耐劳、任劳任怨的工作态度，具备较强的沟通和协调能力，良好的团队协作意识，有处理突发事件的应变能力和良好的心里素质，富有激情，能承受较大的工作压力；,　　4、熟悉岗位相关领域政策法规，了解基本商业模式、营销模式、客户需求；,　　5、熟练掌握office工具，能运用PS以及使用视频剪辑工具者优先。,　　,　　岗位职责：,　　1、负责行业重要新闻信息的采写、编辑；开拓行业相关资源；,　　2、把握行业热点新闻，策划落实文字、图片、视频、专题等融媒体报道；,　　3、熟悉新媒体，能够制作专题，并熟练运用h5策划等；,　　4、协助领导，完善各种文稿的撰写和润色；,　　任职要求：,　　1、本科及以上学历，新闻/财经/食品等相关专业，具有高度的新闻敏感度，能够及时把握当下热点；,　　2、熟悉新媒体营销、微信文章撰写；,　　3、愿意出差，能吃苦耐劳；,　　4、熟悉财经、产经等相关领域，或有过上市公司新闻写作经验。,　　,　　岗位职责：,　　1、负责数据新闻制作、专题、页面设计；,　　2、把握行业热点新闻，策划落实文字、图片、视频、专题等融媒体报道；,　　3、企划活动的视觉设计。,　　任职要求：,　　1、美术或设计类专业，有3年以上相关工作经验，有创造力，有较好的方案功底或语言组织能力；,　　2、有良好的美术设计功底，熟悉使用PS、CDR等网络设计制作软件，基本了解网站架构及互联网知识；,　　3、富有创新精神，责任心强，工作踏实，为人诚恳，能承受一定的工作压力；,　　4、熟练运用DreamWeaver，熟悉html代码；,　　5、有网络美编经验工作经验者可带作品面试。,　　",c_1122300418, 2018-01-23 11:1,"
新华网快消事业部招聘启事-新",http://www.xinhuanet.com/food/2018-01/23/c_1122300418.htm
 中国新闻网,"　　中秋到，吃月饼。在中国人的习惯中，月饼是中秋节必不可少的糕点。临近佳节，记者来到安徽省休宁县万安老街的一家糕点作坊，徽式的老宅院里，师傅们忙碌地和面、包饼、压制、烘烤……一块块泛着金黄油光的月饼散发着诱人的香气。,　　记者了解到，徽式月饼的做法从清朝道光年间就开始确定，距今已有180多年的历史，相较于常见的广式和苏式月饼，徽式月饼皮酥馅饱、入口酥软、甜咸适口，属于我国九大月饼饼系之一。,　　糕点作坊的负责人程贵生有着40多年的老手艺，虽年近七旬，但揉面、生火、拌馅……老人的动作依旧麻利。他介绍，以火腿月饼为例，其最重要的原料是腊月里腌制的皖南火腿肉，制成的月饼甜中又带着特殊的咸香，而与以前的馅料配方相比，如今的月饼含糖量有所降低，更符合现代人健康饮食的需求。,　　“除了馅料外，月饼的外皮也大有讲究，分为外面的油水皮和内部的油酥皮，”程贵生介绍，油水皮用油、水和高筋面粉和成，油酥皮则用油和低筋面粉，分别揉好醒面。油水皮裹住油酥皮，烘烤而成的月饼表皮酥脆，口感独特。,　　2018年7月，程贵生一家成功地将徽式月饼申请为县级非物质文化遗产，由于坚持手工制作，每逢中秋，这些富有徽州乡味的月饼都供不应求。“对手工技艺的坚持，也是对徽州传统乡味的坚持。”程贵生说。,　　随着烘烤炉的打开，盖着红章、贴着一块方纸的徽式月饼就做好了，在老宅院的前台，打包师傅忙碌地一枚枚月饼用牛皮纸包裹起来，装进纸盒内等待快递运送，徽州的传统乡味也将随着这些月饼，传递至四面八方。(余皓)",c_1123465104, 2018-09-21 11:2,"
探访徽州传统月饼作坊：手工传承 香飘四方-新",http://www.xinhuanet.com/food/2018-09/21/c_1123465104.htm
,,index,,"
快来领最新的中秋“攻略”!_新",http://www.xinhuanet.com/food/2018zhongqiu/index.htm
,,ms,,美食_新华食品,http://www.xinhuanet.com/food/ms.htm
,,index,,新华食品,http://www.xinhuanet.com/food/index.htm
 新华社,"　　新华社呼和浩特2月21日电　,　　新华社记者董璐、孙雯骥,　　春节期间，内蒙古包头市老手艺人吴文昌的茶汤小铺又热闹了起来，前来品尝的顾客络绎不绝，一碗碗热气腾腾、色泽诱人的老茶汤，透露出浓浓的年味儿。,　　走近茶汤馆，首先映入眼帘的是摆在门口不停地冒热气的龙嘴大铜壶，这也是吴文昌最看重的“老伙计”。只见他娴熟地舀上几勺小米粉，浇些温水略加搅拌，一手持壶，一手端碗，壶嘴向下迅速倾斜，沸水沿着细长的壶嘴直冲碗底，不过几秒，茶汤被迅速蒸熟，翻转倒扣也纹丝不动。,　　“水满茶汤熟，时间是关键。”吴文昌说，一两秒的时间差就能决定一碗茶汤的成败，冬天气温较低速度要更快，否则就难有茶汤应有的绵软口感。茶汤看着做起来简单，里面也有硬功夫，必须长年累月勤加练习。从父亲手里接下“老伙计”到现在，吴文昌已坚持了30余年。,　　茶汤美食由来已久。清嘉庆年间的《都门竹枝词》中有“清晨一碗甜浆粥，才吃茶汤又面茶”，说的就是小吃“茶汤”。而据当地人介绍，茶汤最初起源于明宫廷，专供皇上和官员食用，后由北京、天津等地传入包头，已有百余年历史。,　　6岁的张尚博一大早就拉着妈妈来到离家不远的茶汤馆，一份栗子饼，两碗原味茶汤，母子俩相对分食，场面颇为温馨。,　　已工作多年的包头市民陈文诚也是这家店的老顾客。他说，自己从幼儿园起就爱喝老吴茶汤，当时物质资源较为匮乏，一碗香甜甜的老茶汤是孩提时收到最珍贵的年节礼物，如今也经常和朋友相约前来。,　　吴家茶汤传承已有五代。吴文昌的高祖曾为宫廷御厨，曾祖父多年在北京走街串巷卖茶汤，几代人都深谙茶汤口味的精髓，制作技艺也在传承中愈加精益。如今，吴家茶汤不仅是老百姓口中的风味美食，更是成为“老包头”特有的文化元素。,　　奶皮绿米茶汤、八宝茶汤、枣粉茶汤、杏仁茶汤……随着时代变迁发展，老吴茶汤在维持老味道的同时，也增添了一些新口味。而吴文昌也敏感觉察出人们对绿色和健康的追求，近年来还创新制作了椒盐口味茶汤。,　　“人的嘴巴是最能吃出来好坏的，茶汤健康解腻，街坊们也爱这个老味道。”吴文昌笑着说。,　　吴文昌认为，技艺传承靠的是坚持,好料好水才有好茶汤，这份坚守也得到了儿子吴锐的认可。22岁的吴锐在读大学，学冲茶汤已有五六年，如今已颇为熟练，“小米必须淘3遍，水温要不高不低刚刚好，添加的葡萄干、山楂、枸杞更要精挑细选。”他说，去年还有电视台以此为主题专门拍了微电影，希望以后能有更多人爱上老吴家茶汤。",c_1122435886, 2018-02-22 09:5,"
一碗热茶汤 几许年滋味-新",http://www.xinhuanet.com/food/2018-02/22/c_1122435886.htm
 新华社,"　　榴莲在东南亚地区获称“果王”。喜爱榴莲的人欲罢不能，不爱者避之不及，连味道都受不了。,　　在马来西亚吃榴莲，一是可以选择街边“大排档”，如首都吉隆坡的SS2榴莲档。挑好榴莲、顺便点一份椰汁解腻，在烈日骄阳下岂不美哉；二是到榴莲园就地尝鲜。,　　如果时间充裕，不妨到果园品尝，顺便了解榴莲种植。,　　马来西亚榴莲品种众多、味道丰富、气味浓郁，果农种植方式比较独特，通常会等榴莲自然成熟后落地，因而更丰满、气息更浓郁，不像其他一些国家果农那样未熟先摘、再催熟。,　　在这个东南亚国家，彭亨州的劳勿县和文冬市多产“猫山王”榴莲，柔佛州的东甲县最有名的是金凤榴莲；槟城以产量稀少的黑刺榴莲著称，价格高昂，入口很甜，味觉层次分明，吃完口齿留香，耐人寻味。,　　马来西亚的榴莲按照品种编号。比如，近年来爆红的猫山王编号是D197。吃榴莲讲究“热闹”。如果跟随旅行团出行，可以按照榴莲的味道排序品尝，从清淡口味尝起，到酒香口味，再到味道浓郁的猫山王……如果不知如何挑选，可以尝试几类“明星”品种：,　　D24，苏丹王，曾经最受欢迎的榴莲。味道绵密浓郁，带点奶油味，猫山王出现后价格变得很实惠。,　　D101，甜。如果受不了其他味道，选它没错。,　　D175，红虾榴莲。马来西亚特有的红肉榴莲，肉质细滑，入口即化，苦甘味浓，带点樱桃味。,　　D197，猫山王。近年来中国游客的最爱。果肉颜色橙黄艳丽，十分诱人，味道浓郁。果肉粘稠，先苦后甜，苦中有甜，价格较高。,　　XO，D24的亚种。一些人说带点酒味，也有人说带点洋葱味。,　　D166，味道偏淡。如果第一次吃榴莲，选择这种不会觉得味道太冲。,　　榴莲虽好，不宜贪吃，多吃易上火。一种说法是，吃完榴莲后用榴莲壳喝水可以降火，或者吃完榴莲再吃山竹，可以压制“火气”。（刘彤）（新华社专特稿）",c_1122436008, 2018-02-22 10:1,"
马来西亚榴莲档案-新",http://www.xinhuanet.com/food/2018-02/22/c_1122436008.htm
 新华社,"　　所谓“无辣不欢”，在中国是四川省等特定地域民众的说法。,　　其实，“无辣不欢”至于极致，吃菜和水果、以至喝饮料都放入辣椒，当属墨西哥人。,　　美国肯尼索州立大学一项研究显示，墨西哥人这种或许会让国人“震惊”的吃辣习惯，6000多年前就已形成。,　　墨西哥“辣椒之王”哈瓦那辣椒曾由吉尼斯世界纪录认定为世界最辣辣椒。它外观酷似小西红柿。吃下一小片，首先会品到甜味，10多秒后辣味便会在舌头和喉咙如烈火般蔓延……,　　2014年，警方紧急疏散美国科罗拉多州一所中学，缘由是全体师生同时出现过敏症状。调查发现，“罪魁祸首”是操场上几根哈瓦那辣椒。,　　红萨维纳辣椒是哈瓦那辣椒的一种，俗称“魔鬼椒”，辣度是中国重庆朝天椒的20倍，可用于制造民用催泪喷雾剂。,　　哈拉帕青辣椒是墨西哥出口量最大的辣椒。美国前国务卿希拉里・克林顿视它为“保健秘方”。美国全国公共电台报道，希拉里2016年竞选总统期间，每天吃一根哈拉帕青辣椒，用以应对高强度竞选日程。她说：“这大概是我能如此健康、体力充沛、耐力一流的原因。”,　　墨西哥地处美洲，是世界最大辣椒消费市场之一，同时是主要辣椒出口国。它设立辣椒产品委员会，专事协调辣椒贸易。墨西哥青辣椒常见于遍布全球各地的汉堡包等快餐食品中。,　　辣椒原产于美洲。哥伦布发现美洲大陆后，美洲食材渐渐扩散至世界各地，如辣椒、马铃薯和西红柿。网上，一些中国美食爱好者对哥伦布表示感激：“没有他就没有川菜、地三鲜和西红柿炒鸡蛋”。,　　不过，中国辣椒作为后起之秀，正在挑战墨西哥本土辣椒的市场地位。据墨西哥辣椒产品委员会估算，墨西哥在售的青辣椒大约三成来自中国。（吴昊　袁烨）【新华社专特稿】",c_1122436004, 2018-02-22 10:1,"
爱吃辣椒？来墨西哥试试-新",http://www.xinhuanet.com/food/2018-02/22/c_1122436004.htm
 科技日报,"　　 长知识,　　 无论你位于祖国的哪里，年货里都少不了瓜子。亲戚朋友聚在一起聊天、看电视，伸手就能抓到一把。然而别只顾着吃瓜子，你有没有想过瓜子背后隐藏的一些小知识呢？,　　 为什么瓜子磕了停不下来？,　　 虽然瓜子并没有特别美味，但嗑瓜子却似乎有种魔力，让人停不下来。哪怕口干唇燥舌尖起泡，还是不由自主地吃了一把又一把。这究竟是为什么呢？,　　 嗑瓜子这个活动其实可以分解为若干个嗑一粒瓜子的小活动，小活动相对于大活动更便于实施，小目标相对于大目标更容易实现。瓜子壳给人享用美味制造了一点小障碍，但克服起来又很简单，而且还很容易掌握技巧。在单独的、嗑一粒瓜子的小活动中，参与者的行为（嗑瓜子）和结果（吃到瓜子）之间的时间跨度短，也就是说努力得到的反馈及时，使得参与者更容易建立起行为―努力―反馈之间的因果联系，心理就很容易得到满足，激励着你不断地重复这个过程。,　　 中国人何时开始嗑瓜子？,　　 瓜子，无外乎葵花子、南瓜子和西瓜子，其他瓜的籽，要么无法批量生产，要么无法当零食食用。,　　 我国嗑瓜子的习俗在明代已经流行。从历史渊源来看，西瓜子是真正意义的“由来已久”。最早记载西瓜子可食的是元代《王祯农书》：“（西瓜）其子爆干取仁，用荐茶易得。”在明清两代，没有其他瓜子能撼动西瓜子的地位。而且嗑瓜子的习俗传入了宫廷，明代《酌中志》中记载了明神宗朱翊钧“好用鲜西瓜种微加盐焙用之”。,　　 葵花子和南瓜子虽然也是瓜子中的成员，但是广为流行却是近代的事。向日葵和南瓜都是美洲作物，大概从16世纪上半叶――也就是晚明的嘉靖年间传入中国。南瓜子从晚清开始流行，葵花子从民国时期开始流行。也就是说，西瓜子单独支撑了长期以来民间嗑瓜子的习俗，即使在葵花子和南瓜子成为常用零食之后，地位依旧没有改变。,　　 外国人嗑不嗑瓜子？,　　 那么，全世界是不是只有中国人嗑瓜子呢？好像真的很少见到国外电影或者电视剧里面有嗑瓜子的情节。外国人是不是不吃瓜子呢？,　　 美国人不喜欢吃瓜子等有硬壳的食物，这可能与快节奏的生活方式有关。但他们也会吃脱壳后的瓜子，只是在烤面包、饼干时用作装饰。在德国、法国人们认为瓜子是鸟类和仓鼠吃的，不是人的食物。,　　 但西班牙人和我们一样，对瓜子特别钟情。特别是现场看球的球迷们，瓜子就是他们看球的“最佳伴侣”。西班牙人嗑瓜子速度比中国人快。不过，西班牙瓜子基本上都是原味的，没有那么多香料，甚至连盐都少加。,　　 此外，大多数亚洲国家的人们也是吃瓜子的，尤其是东南亚地区。而像俄罗斯、土耳其等地跨亚欧的国家，人们也是比较喜欢吃瓜子的。但日本是个例外。在日本，几乎没有人吃瓜子。因为日本是一个十分注重礼仪的国家，他们认为，把食物放进嘴里再拿出来是非常不礼貌的行为。,　　 嗑瓜子等于喝油？,　　 过年时，一家老小围坐在一起，聊天嗑瓜子其乐融融。不过最近网上流传着一种说法很吓人，说瓜子含油量很高，吃瓜子等于喝油，这是真的吗?,　　 以炒瓜子为例，每100克葵花子，去皮后可食用部分为50克，脂肪含量大约25克，而中国居民膳食指南推荐的每人每日食用油的摄入量不超过25克―30克。尽管我们从瓜子中摄入的脂肪与从葵花子油中摄入的脂肪没有本质的差别，但是说吃瓜子就等于喝油未免有些夸张。,　　 因为，虽然瓜子仁中的脂肪含量占了大约一半，但是瓜子中的脂肪以油酸和亚油酸为主，饱和脂肪仅占了14%，无胆固醇。适量的油酸和亚油酸都有降低总胆固醇和“坏胆固醇”的作用，对身体有益。此外，瓜子还含有20%―30%的蛋白质，以及大量的维生素E、叶酸、镁、钾、钙、硒和膳食纤维等重要营养成分。但瓜子也不能吃得太多，否则可能会因摄入过多热量和油脂，造成高血脂，引发肥胖风险。",c_1122412073, 2018-02-13 09:2,"
过年嗑瓜子那些事儿-新",http://www.xinhuanet.com/food/2018-02/13/c_1122412073.htm
 新华社,"　　情人节将至。美国波士顿一家名为“保利氏”的意式快餐店推出要价3000美元（约合1.9万元人民币）的特供汉堡套餐。卖这么贵，并非汉堡使用了什么高级肉饼，而是因为汉堡饼胚上附有一枚订婚戒指。,　　美联社7日报道，只要提前48小时预定，“保利氏”就会向指定收货人呈上这份“大男孩汉堡”套餐，其中的订婚戒指是“尼尔连”品牌钻戒，主钻为0.875克拉的公主方形切割钻石，周围镶有圆形碎钻，指环为14K金质地。,　　目前，店里尚未接到确认订单，但已有感兴趣的人咨询。店主保罗・巴克说，在情人节那天，“还有什么比戒指加上往胳膊上滴烧烤酱汉堡更能代表‘我爱你’呢？”（乔颖）",c_1122395136, 2018-02-09 16:2,"
波士顿一餐厅推出“订婚戒指汉堡”-新",http://www.xinhuanet.com/food/2018-02/09/c_1122395136.htm
 新华社,"　　莫斯科美食的精髓，如同俄罗斯的疆域，可以称之为“广阔”：林中兽、水中鱼、山中蜂蜜、蘑菇和浆果莫不能下肚。,　　这座俄罗斯首都当然有最传统的菜肴：暖乎乎的红菜汤、喷香的杂拌汤、金黄的布林饼、透亮的鱼子酱、腌渍的酸黄瓜、玫瑰色的火腿、蘸着黄芥末的肉冻、元宝似的饺子……,　　与健硕的俄罗斯人一样，传统俄式食物没有丝毫造作。寒冷天气里，“花拳绣腿”不可取，热量高才是王道。,　　初到莫斯科，隆冬季节，走在市中心阿尔巴特街上，忽然落下大雪，索性走进一家俄式快餐店，点一碗红菜汤、一碗糙米饭、再来个大列巴，齐活！,　　窗外大雪纷飞，屋内小火在锅底平静地燃烧。陶瓷罐里牛肉翻滚，红菜和洋葱慢慢散开，土豆渐渐绵软。用长勺舀出一碗，加点淡奶油下肚，一股暖意深入骨髓，再冷都不怕。,　　天气好的时候，在城区闲逛。特维尔大街寸土寸金，法式餐厅透着骄矜。坐在欧式穹顶建筑内，胸前围着漂得雪白的餐巾，手持沉甸甸的镀银刀叉，慢条斯理地切割喷香的炸猪排或烤小牛肉，小口品着开胃杜松子酒或伏特加，耳边飘着古典音乐……,　　街边食肆贩卖简约又美味的意大利简餐。传统意大利面和比萨是最普通吃食，味道却总是那么让人信赖。,　　最中心城区“小环”以外，油亮发光的中亚手抓饭、香气飘过几条街的土耳其烤肉多了起来，是对中亚人乡愁的最好慰藉。,　　出乎意料，日本料理在莫斯科出奇火爆。日式连锁餐厅开遍大街小巷，但为食客铺紫菜、卷寿司的不是日本厨师，而是手艺娴熟的中亚小哥。,　　这几年，泰餐、越南菜和印度菜增多。俄罗斯人尤爱冬阴功汤，酸酸辣辣，无比开胃。,　　在莫斯科，“一道菜主义”怕是没有市场。来到临街咖啡厅，来一张铺满鱼籽的比萨。美味！可似乎不够。在菜单上翻找，从十多种寿司中选一份三文鱼裹着奶渣的寿司。最后点一杯浆果姜茶，肚皮满满。,　　旧时餐馆寥寥，如果不是婚礼或重要节日，平常人家几乎不下馆子，边吃边聊的“饭局”更是奢侈。直到如今，俄罗斯人“上餐厅吃饭”依旧是一件隆重、体面事。女人梳妆打扮，男人尽量风度翩翩。姿容既好，神情亦佳。,　　事实上，北境之地民风淳朴，完全没有食不厌精、脍不厌细的讲究，唯有喝酒必须“浩荡”。冬季寒冷，还有什么能比伏特加酒液入喉更能让人痛快？（任军）（新华社专特稿）",c_1122436006, 2018-02-22 10:1,"
寻味莫斯科-新",http://www.xinhuanet.com/food/2018-02/22/c_1122436006.htm
 经济日报,"　　全国政协委员、北京二商东方食品集团总经理唐俊杰表示，从消费潜力角度看，国民生产总值在持续地提高，未来消费空间仍比较大，食品消费在整体社会消费中占比也在持续增加，这也体现了食品消费对于我国社会、经济拉动作用的重要性。新兴业态的出现，以及国家实施食品安全战略和在经济发展进入高质量阶段的形势下，对居民食品消费的整体升级产生了诸多利好。,　　唐俊杰委员表示，新一代消费群体正在崛起，他们更加追求个性化，追求小品牌，追求私人定制，如何满足老百姓的质量要求和胃口调整，既是挑战，也是机遇。食品行业面对的最大挑战，就是现在食品行业新商业模式的出现，以及更多消费群体消费需求的变化。比如，大量国外食品进入中国市场，价格有更多的优势，特别是食品原材料的价格与国内相比偏低。同时，还有一些新型商业业态出现，正在吸引着眼球，这对于食品流通方式来讲都提出了更多的挑战。,　　唐俊杰委员以某品牌运动饮料为例，该产品有着极高的市场占有率，就是因为抓住了特定的喜爱运动的年轻消费群体。在唐俊杰委员看来，这种挑战和风险也是机遇。面对机遇的到来，食品行业不仅要能捕捉到市场的商机，也要能借助商业模式的创新、技术的创新，以及环境、资源来对接新的变革、新的需求。食品企业应该借助新的模式和创新技术，在保证食品安全的基础上，让百姓的餐桌更加丰富。",c_1122522496, 2018-03-12 09:1,"
全国政协委员、北京二商东方食品集团总经理唐俊杰：创新让百姓餐桌更丰富-新",http://www.xinhuanet.com/food/2018-03/12/c_1122522496.htm
,,rw,,人物_新华食品,http://www.xinhuanet.com/food/rw.htm
 新民晚报,"　　上海市食药监局昨日公布上海粮食加工品，食用油、油脂及其制品，肉制品，乳制品，饮料等5大类食品抽检结果。在共抽检的398批次中，位于虹口区广粤路的上海广粤副食品市场的盐水牛肉、酱牛肉2批次散称肉制品不合格。,　　不合格项目均为山梨酸及其钾盐（以山梨酸计）指标超标。山梨酸是一种防腐保鲜剂，广泛应用于食品、饮料、烟草、农药、化妆品等行业。但是如果食品中添加的山梨酸超标严重，消费者长期服用，在一定程度上会抑制骨骼生长，危害肾、肝脏的健康。,　　对上述抽检中发现的不合格产品，市食药监局已要求相关区市场监督管理局及时对不合格食品及其生产经营者进行调查处理，依法查处，并将相关情况记入食品生产经营者食品安全信用档案。",c_1122511407, 2018-03-09 11:0,"
上海：2批次散称肉制品不合格-新",http://www.xinhuanet.com/food/2018-03/09/c_1122511407.htm
,,dfjg,,地方监管_新华食品,http://www.xinhuanet.com/food/dfjg.htm
 经济日报,"　　近10年，我国生鲜乳的品质大幅提升，甚至高于国外奶企的水平，但是奶企的生产自动化、智能化水平仍然较低。全国人大代表、黑龙江省齐齐哈尔市富裕县塔哈镇周三村村委会主任、吉哪脸〕〕ち鹾Ａ峤ㄒ椋发展多种规模牧场，采取集约经营，提升自动化、智能化生产水平。,　　刘海玲代表建议，应参照农业补贴的模式对现有牧场进行奶价补贴，使其降低奶牛的饲养成本；对有意愿购牛的贫困户，可以提供贴息贷款；尽快出台乳制品等级标注制度，鼓励国内乳企大份额地使用国内原奶，提高国产生鲜乳在我国奶业中的份额。（记者倪伟龄）",c_1122533918, 2018-03-14 08:4,"
刘海玲代表：提高品质 扩大国产乳品占有率-新",http://www.xinhuanet.com/food/2018-03/14/c_1122533918.htm
 经济参考报,"　　全国人大代表、内蒙古伊利实业集团股份有限公司质量检测控制中心主任李翠枝15日说，随着以互联网为代表的信息传输技术迅猛发展，当前信息传播方式已扩展为全民参与，建议加大食品质量安全信息科普力度和权威披露。,　　李翠枝认为，我国食品产业技术创新和升级步伐加快，但科普知识的传递相对滞后，这使得消费者对很多新技术、新产品、新元素、新包装等缺乏科学认识，对错误信息和谣言缺乏分辨能力。不仅如此，对信息的片面、过度解读和传播，也会影响消费者的判断，扰乱正常的市场秩序。,　　她举例说，食品添加剂曾一度被“妖魔化”，但实际上中国的食品添加剂很多都是天然成分，标准制定也都是参照国际组织和先进国家法规及标准，经过严格的安全和风险评估后，才允许在食品中使用，有一些食品添加剂品种的标准甚至比发达国家定得更高。,　　李翠枝认为必须高度重视信息披露。她建议，建立一个权威的食品质量安全知识科普和信息披露平台，凡是涉及食品质量安全的国家机构都在此平台上进行食品质量安全知识的科普和信息披露，将行业内最新消息及时传递给消费者，使知识科普和信息披露实现集中管理、权威发声，增强消费者的消费信心，杜绝虚假消息扰乱市场秩序。同时，要加强对信息披露的监管，要以国家认可的权威机构为信息源，不允许为了吸引眼球而任意炒作。,　　她还认为，国家应建立虚假网络信息举报处理机制，并呼吁全民参与。对恶意制造食品谣言，中伤食品企业并以此谋取不正当利益的组织和个人，应加强立法并加大执法力度，依法严惩。",c_1122545017, 2018-03-16 08:5,"
李翠枝代表：加大食品质量安全信息披露-新",http://www.xinhuanet.com/food/2018-03/16/c_1122545017.htm
 新华社,"　　新华社北京3月15日电（记者阳娜）近日，北京多家糕点店因涉嫌侵犯“鲍师傅”注册商标专用权被举报。15日，北京市工商局开展现场检查，并指出将进一步调查核实，并依法处理。,　　据悉，在近日接到北京鲍才胜餐饮管理有限公司举报后，北京市工商局于15日组织全市执法力量，对16个区33家涉嫌侵犯“鲍师傅”注册商标的糕点店进行了现场检查，发现多数门店均在门店显著位置和所售糕点的外包装、食品袋上使用“鲍师傅”字样，且不能提供有效商标注册证及授权手续。,　　北京市工商局相关负责人表示，工商部门将对相关案件线索高度关注，结合商标权利人的相关诉求，进一步调查核实，并依法处理。,　　据统计，2017年北京市工商局共办理商标违法案件2303件，同比增长27%；罚没款6435.34万元，同比增长92%；移送司法机关12件，同比增长9%，捣毁制假售假窝点16个。,　　针对目前知名商标品牌侵权纠纷多发的问题，工商部门表示，将采取多项措施以加大对注册商标专用权的保护力度，具体包括推进商标注册受理窗口建设，为企业提供一站式服务；设立商标品牌指导站，指导帮助企业进行商标注册、运用、管理和保护等；坚持日常监管与专项整治相结合，严厉查处互联网领域侵权假冒案件，坚持线上线下一体化治理；加强宣传引导等。",c_1122544805, 2018-03-16 08:3,"
北京集中查处“鲍师傅”注册商标侵权案件-新",http://www.xinhuanet.com/food/2018-03/16/c_1122544805.htm
 新华社,"　　情人节快到了，日本东京一家拉面馆又推出巧克力拉面，今年还加了松露。黑暗料理还是独特美味？试试才知道。,　　拉面连锁店“面屋武藏”已是第十年推出情人节限定的巧克力拉面。日本新闻网站“火箭新闻”记者前往面屋武藏滨松町店体验今年新出的松露巧克力拉面，先在入口处自动售卖机点一份“加纳蘸面”。顾名思义，这是一种添加了乐天加纳巧克力的蘸面。,　　服务员端上来两个碗，一碗面，一碗蘸汤。拉面拌了松露油，还撒了松露屑，散发着独特的香味，面上铺着几块以橙汁、中式叉烧酱和胡椒炖制而成的鸭肉，还配了一些茴香、法国香菜和小西红柿。蘸汤看起来像一杯拉花咖啡，其实主料是牛肉清汤混合加纳牛奶巧克力、胡萝卜、洋葱和茴香炖的汤，上面铺着一层混着海藻汤打出来的奶泡，最后用牛奶巧克力粉拉花。,　　蘸着汤吃拉面，记者愉快地吃完了。令他们印象深刻的是，很容易尝出汤中甜甜的牛奶巧克力味，又不会掩盖牛肉汤的肉味。,　　一份松露巧克力拉面1100日元（约合63元人民币），只供应至本月14日。（黄敏）",c_1122395128, 2018-02-09 16:2,"
日本拉面馆推出松露巧克力拉面-新",http://www.xinhuanet.com/food/2018-02/09/c_1122395128.htm
 新华网,"　　新华网北京3月15日电（李楠）3月14日，国家食药监总局公布10起食品保健食品欺诈和虚假宣传典型案例。据了解，2017年7月，国务院食品安全办、国家食药监总局等9部门部署在全国开展为期一年的食品保健食品欺诈和虚假宣传整治行动。围绕未经许可生产经营、虚假标识声称、非法添加药物、违法营销宣传、欺诈销售等违法行为，依法查处了一批大案要案，捣毁了制假售假窝点，对不法分子形成强有力的震慑。,　　数据统计显示，截至2017年底，各级食品药品监管部门共检查食品保健食品生产经营单位87万家，查处违法案件1.2万余件，已经并将陆续向社会公布。现选取10个典型案例，公布如下：,　　,　　2017年9月，湖南省衡阳市食品药品监管局联合公安机关捣毁非法销售窝点3处，查获犯罪嫌疑人周某、李某及下线阮某、谢某、黄某利用互联网销售添加西布曲明、酚酞等国家禁止添加药物的食品，涉案货值2亿元。周某等犯罪嫌疑人已被移送公安机关处置。,　　,　　2017年5月，浙江省安吉县市场监管局接到举报，反映市售“亿好酒”和“益草康”等凉茶宣称疾病治疗功能，立即组织查处。经湖州市食品药品检验研究院检验，在6个批次“亿好酒”中检出地塞米松、吲哚美辛，在4个批次“益草康”中检出双氯芬酸钠，涉案货值1000多万元。犯罪嫌疑人胡某等人已被移送公安机关处置。,　　,　　2017年9月，重庆市食品药品监管局会同公安机关捣毁余某等人在重庆市九龙坡区设立的3处无证生产、销售非法添加西布曲明的食品（欧雷顿Z7咖啡）窝点，涉案货值1000万元。犯罪嫌疑人已被移送公安机关处置。,　　,　　2017年9月，北京市延庆区食品药品监管局查实北京奶鲜生食品有限公司存在未经许可从事食品生产活动和标注虚假生产日期行为，涉案货值20余万元。该局依据《食品安全法》第一百二十二条第一款等有关规定，对当事人给予行政处罚：1.没收违法生产的食品、用于违法生产的原料、工具、设备等物品，折合人民币4.0万元；2.没收违法所得19.8万元；3.并处罚款342.8万元。,　　,　　2017年9月，广东省广州市食品药品监管局查实广州市恒元堂健康管理有限公司存在利用会议营销形式，未经许可非法从事食品保健食品销售行为，涉案产品货值金额为10万元。该局依据《食品安全法》第一百二十二条第一款等规定，对当事人给予行政处罚：1.没收违法经营的食品；2.没收违法所得1.3万元；3.罚款160.2万元。,　　,　　2017年9月，辽宁省鞍山市食品药品监管局破获鞍山市铁东区康寿家园保健品店销售非法添加苯乙双胍药品的食品案。捣毁制售黑窝点1个，及时将犯罪嫌疑人黄某某移送公安机关处置。该局依据《食品安全法》第一百三十五条第二款规定，对黄某某处以终生不得从事食品生产经营管理工作、不得担任食品生产经营企业食品安全管理人员的行政处罚。,　　,　　2017年7月，山西省晋城市食品药品监管局查实司志强羊蝎子火锅凤西店存在无证经营行为，违法货值金额10余万元。该局依据《食品安全法》第一百二十二条第一款等有关规定,给予当事人行政处罚：1.没收用于违法生产经营的工具；2.没收违法所得；3.并处罚款102.3万元。,　　,　　2017年7月，湖北省大悟县食品药品监管局联合公安机关成功破获了龙某某无证销售保健食品案，关停会议营销场所1个。该局依据《食品安全法》第一百二十二条第一款的有关规定，给予当事人行政处罚：1.没收违法经营的“蜂胶软胶囊”等6类保健食品5941瓶（箱）；2.没收违法所得并处以罚款，合计4.9万元。,　　,　　2017年7月，重庆市云阳县食品药品监管分局接到举报反映韩妹餐饮店加工的羊杂面含有吗啡等违禁物质。经重庆市万州食品药品检验所检验，检测结果显示从该店抽样的羊杂面含有罂粟碱、吗啡和那可丁成分。该局依据《食品安全法》第一百二十三条第一款等有关规定，吊销当事人食品经营许可证。,　　,　　2017年7月，甘肃省平凉市庄浪县食品药品监管局查获庄浪县小鱼粮油超市经营标注虚假生产日期案。该局依据《食品安全法》第一百二十四条第一款等有关规定，对当事人做出行政处罚：1.没收标注虚假生产日期的食品20千克，没收手动打码机1台；2.没收违法所得并处以罚款，合计10万元。,　　对此，国家食药监总局表示，全国食品药品监管部门将持续保持高压态势，严厉打击食品保健食品违法违规行为，坚持“处罚到人”，及时公开案件查处信息，坚决遏制食品保健食品欺诈和虚假宣传违法势头，切实保障人民群众“舌尖上的安全”。",c_1122540071, 2018-03-15 09:3,"
国家食药监总局公布10起食品保健食品欺诈和虚假宣传典型案例-新",http://www.xinhuanet.com/food/2018-03/15/c_1122540071.htm
 新华网,,c_1122568913, 2018-03-21 10:1,"
李金元：用新技术高效塑造全球化生产力-新",http://www.xinhuanet.com/food/2018-03/21/c_1122568913.htm
 新华社,"　　新华社北京2月24日电（记者陈聪）保健食品包装眼花缭乱让人选择困难？厂家声称产品降糖降脂靠谱吗？国家食品药品监督管理总局提醒消费者：要科学、理性看待食品、保健食品广告和宣传，凡声称疾病预防、治疗功能的，一律不要购买。,　　食药监总局提醒，消费者应到证照齐全的正规场所购买产品，特别要注意有没有营业执照和食品经营许可证。通过网络、会议、电视、直销和电话等方式购买产品，也应先行确认资质信息。,　　此外，消费者购买时应仔细查看外包装标签标识相关信息，做好“四不”：不要购买无厂名、厂址、生产日期和保质期的产品；不要购买标签上没有食品生产许可证号的预包装食品；不要购买标签或说明书中提及可以预防疾病、有治疗功能的产品；不要购买标签上没有保健食品批准文号，但声称是保健食品的产品。,　　食药监总局提醒，保健食品广告中未声明“本品不能代替药物”的，一律不要购买；不要盲目参加任何以产品销售为目的的知识讲座、专家报告等。如遇食品、保健食品欺诈和虚假宣传问题的，可以拨打12331热线电话投诉举报。",c_1122447274, 2018-02-24 13:3,"
食药监总局提醒消费者：科学理性看待食品保健品广告宣传-新",http://www.xinhuanet.com/food/2018-02/24/c_1122447274.htm
,,ztch,,专题策划_新华食品,http://www.xinhuanet.com/food/ztch.htm
,,bwkx,,部委快讯_新华食品,http://www.xinhuanet.com/food/bwkx.htm
,,cy,,茶叶_新华食品,http://www.xinhuanet.com/food/cy.htm
 新华网,,c_1122568882, 2018-03-21 10:1,"
李金元：天狮“一体多翼”战略 实现全球资源互联互通-新",http://www.xinhuanet.com/food/2018-03/21/c_1122568882.htm
 新华网,"　　3月21日电（李楠）3月19日，天狮集团董事长李金元做客新华访谈，与网友在线交流。李金元表示，为办好国际化教育，天狮一直不遗余力加大对教育的投资，为不断走上走产学研相结合的发展道路而积极努力。,　　以下为访谈实录：,　　新华网：近年来，天狮集团在公益方面做了很多事情，能具体谈谈都承担着什么样的社会责任？,　　李金元：企业的发展，背后有国家力量的强大支撑，企业在海外才能有更好的发展。对于国内发展最好的投资就是投资教育，天狮建立天狮学院、天元大学。天元大学自从去年建成后，总计投资达到100多亿，处于正常运转状态。这100多亿都是从海外赚来多国的货币，把多国的货币拿回来建设祖国的家园。,　　在教育方面，关键规划、设计、环境各占20%，关键还是引进国际化学术带头人。为办好国际化教育，天狮一直不遗余力加大对教育的投资，今年又建设100多万平方米，为不断走上走产学研相结合的发展道路积极努力。",c_1122568924, 2018-03-21 10:1,"
李金元：办好国际化教育 天狮积极加大教育投资-新",http://www.xinhuanet.com/food/2018-03/21/c_1122568924.htm
,,ny,,热点_新华食品,http://www.xinhuanet.com/food/ny.htm
,,ft,,访谈_新华茶业,http://www.xinhuanet.com/food/ft.htm
,,yqlj,,,http://www.xinhuanet.com/food/yqlj.htm
 新华社,"　　新华社福州3月23日电（记者陈弘毅）记者23日从福州市市场监督管理局获悉，福州日前查获一起商户篡改过期冷冻产品日期并流入市场的案件，目前执法部门已查封19.76吨问题食品，并将由第三方检测机构进行检测，市场监督管理部门已联合公安部门对经营机构进行询问。,　　福州市市场监督管理部门日前接到举报称，福州市马尾区一商户涉嫌篡改冷冻产品生产日期，并有疑似问题产品流入市场。经查，该商户为福州富鸿食品经营部，已承认对山东仙坛生产的过期单冻琵琶腿篡改生产日期的行为。福州市市场监管局和马尾市场监督管理局抽调20名执法人员连夜对福州市富鸿食品经营部冻库库存食品进行仔细检查，经过4个小时的清点后，于22日凌晨将发现的18吨过期冻肉移库封存；经过进一步的排查，又查获涉嫌篡改生产日期的单冻翅尖等产品，也已移库封存。,　　目前，福州市马尾区市场监督管理局已通报属地公安部门，并与马尾区公安局联合对涉案冻品批发商福州市富鸿食品经营部进行询问，此外福州市市场监督管理局还通知第三方食品抽检机构派员到现场进行抽样，对福州市富鸿食品经营部的冻肉安全性进行检测。,　　此外，福州市市场监督管理部门还在疑似销售问题冻肉的福州市福新家乐福、五四新华都等超市，福建省中医药大学屏山校区食堂等合计排查出购进问题冻品2692.3千克，现场封存1565.5千克。,　　福州市市场监督管理局有关负责人表示，下一步将加大调查力度，对问题单位依法严厉查处，涉嫌犯罪的坚决移送公安机关，同时对马尾名城冷链物流交易中心、新华都股份有限公司、家乐福等业主开展约谈，明确业主主体责任，强化监管措施，继续落实问题冻品的召回工作。此外，还将在全市范围内开展冷藏冷冻食品专项整治工作。,
,
",c_1122584877, 2018-03-24 11:1,"
福州查获19.76吨“问题冻品” 涉及家乐福等超市-新",http://www.xinhuanet.com/food/2018-03/24/c_1122584877.htm
 解放日报,"　　除了成品油这一海上走私传统品种外，上海水域首次出现白糖走私这一新品种。记者昨天从上海海关获悉，今年以来，截至3月中旬，上海海关已立案侦办海上走私案10起，其中成品油走私案9起，白糖走私案1起，查获成品油和白糖分别为4422吨和630吨，共抓获犯罪嫌疑人37名，刑事拘留35人，扣押走私工具船只8艘。,　　出于保护国内蔗农和白糖产业，我国对白糖进口实施配额制，部分走私分子受利益驱动铤而走险，从东南亚等地低价购入白糖，企图偷运至沿海码头，在码头上分销。由于走私白糖未经过国家正规检验检疫，不排除以次充好，其品质无法得到保障。,　　今年1月21日凌晨，一艘舟山籍“东靖128号”货船进入上海水域时被执法部门拦截，当场查获大量原产地为泰国的白糖。海关缉私警察在侦办中了解到，1月9日，这艘货船从浙江温州出发，前往台湾台中港装载泰国产白糖，试图逃避海关监管从上海水域走私进境，包括船长马某在内的6名犯罪嫌疑人都对走私犯罪事实供认不讳。该案共查获白糖630吨，案值713万元。,　　据介绍，近年来，上海水域海上走私呈现手法日趋隐蔽而专业的特点。有的以“蚂蚁搬家”的方式，利用改装后的小船从境外大船上过驳走私货物后，快速通过水路化整为零，直接在水上非法销售等。为逃避海关等执法部门的监管，海上走私分子分工细化，形成境外采购、境外中转、海上偷运、码头卸驳、境内销售等“一条龙”作业。,　　针对这些特点，上海海关采取“水陆联动”监管打私，瞄准长江口水域重点渠道，实施精准打击，快速封堵水上走私通道。今年3月16日，犯罪嫌疑人陈某等人驾驶“顺长6号”船，自舟山沈家门出发至境外，从外籍船舶接驳成品油后再以海上走私方式从上海水域偷运进口时被拦截，海关缉私警察现场查获走私成品油600吨。,　　上海海关缉私局相关负责人表示，海上走私船只一般由散货船或渔船改装，有的还以木板、油布等掩盖油舱，私装储油舱、油泵等设备。通过海上渠道实施的走私不仅干扰正常的进出口秩序，也对航运安全和水上环境带来隐患。另据悉，今年以来，上海海关共立案侦查各类走私犯罪案件55起，案值超过2亿元。",c_1122601342, 2018-03-28 09:0,"
上海：首次查获海上白糖走私-新",http://www.xinhuanet.com/food/2018-03/28/c_1122601342.htm
 农民日报,"　　南京有句顺口溜：南京人不是宝，一口米饭一口草（野菜）。南京人爱吃野菜那可是出了名的。不过，野菜可不能随便吃，万一吃到毒草，可是会要命的。近日，南京一位市民误吃野菜中毒呕吐。一名老中医确认：这种“野菜”其实是“毒草”，名叫石蒜，是不能轻易食用的。,　　找到了中毒根源，误食了毒草的患者最终转危为安。但留下的可不是一则医疗新闻，而是市场监管隐患。春季，是野菜大量上市的季节，也是误食“毒草”的高发期。究竟该如何预防呢？,　　对于普通农产品进入市场，有很多环节确保安全。进入市场的农产品都必须经过检验检疫关口，有的需要进行农药残留检测，有的需要进行产品安全追溯。然而，野菜却是疏于监管的。野菜进入市场，或是因为市民采挖了野菜，自己吃不完将剩余的部分拿到市场上销售；或是因为农民采挖野菜之后，私下转手销售。再加之，野菜多在街头巷尾销售，销售的时间和地点，存在不确定性，难以用常规方法予以有效监管。,　　但野菜也是菜，且安全风险较大，监管野菜安全，有关部门责无旁贷。,　　首先要对销售行为进行监管。监管部门应该将野菜的销售纳入监管体系，要像监管农产品安全一样，监管野菜的安全。对进入市场销售的野菜，要进行安全检验，由专业人员将毒草拦截在百姓的舌尖之外。,　　其次要对购买行为进行引导。要对野菜购买行为进行必要的宣传教育，一方面，要让消费者知道野菜大致有哪些种类，烹煮食用的时候有哪些讲究；另一方面，要引导消费者在正规市场购买野菜，不要购买没有经过安全检验的野菜。,　　郭元鹏",c_1122584654, 2018-03-24 10:3,"
“野菜”销售也应加强监管-新",http://www.xinhuanet.com/food/2018-03/24/c_1122584654.htm
 新华网,"　　新华网北京3月28日电（冯孔）据商务部监测，上周（3月19日至25日）全国食用农产品市场价格指数比前一周下降0.8%，降幅比前一周收窄0.7个百分点。,
,　　肉类批发价格以降为主，其中猪肉、牛肉价格分别为每公斤18.42元和52.16元，比前一周分别下降3.4%和0.4%；羊肉价格为每公斤49.8元，与前一周基本持平。禽产品批发价格继续下降，其中鸡蛋、白条鸡、白条鸭价格分别为每公斤8.68元、16.22元和17.36元，比前一周分别下降1.7%、1.3%和0.7%。,
,　　水产品批发价格小幅下跌，其中鲤鱼、小黄鱼、鲫鱼价格降幅居前，比前一周分别下降1.3%、0.8%和0.7%。食用油批发价格略有下降，其中花生油价格下降0.4%，大豆油、菜籽油价格与前一周持平。,
,　　粮食批发价格运行平稳，其中大米、面粉价格均与前一周持平。30种蔬菜平均批发价格为每公斤4.44元，比前一周上涨0.2%，其中茄子、大白菜、青椒价格分别上涨5.1%、5%和4.2%。",c_1122605255, 2018-03-28 17:2,"
3月第4周食用农产品价格下降0.8% 茄子逆势上涨5.1%-新",http://www.xinhuanet.com/food/2018-03/28/c_1122605255.htm
 中国网,"　　近日，农业农村部组织各省对第二批国家农产品质量安全创建市（县）进行交叉检查。8月7日至11日，根据农业农村部农产品质量安全监管局安排，山东省农业厅副厅长林国华等一行5人，对四川省青川县、广元市朝天区、德阳市旌阳区进行实地调研检查，对四川省的创建工作给予了肯定。,　　在青川县农业局信息化监管平台上，大屏幕上实时展示出各个生产基地的现场图像，据青川县农业局负责人介绍，青川在12个标准化农产品生产基地安装了视频监控系统，实现了监管部门对入驻国家追溯平台的生产经营主体基地和加工车间的远程可视化监管，改变了过去面对面、人盯人的传统方式，整个生产过程都被实时记录了下来。,　　检查组实地查看了位于青川县蒿溪回族乡的仙雾茶场，这个茶园面积达850亩，茶叶生产、加工技术人员10人，采用生态法灭虫，不施农药化肥，全程按有机标准生产茶叶。据蒿溪乡负责人介绍，这个茶园辐射带动周围农民种植茶叶2000余亩，形成了“公司+基地+专合社+家庭农场（农户）”的农业一、二、三产业融合发展模式，惠及农户169户511人，茶农户均增收3000余元。,　　四川省七盘关公路动物防疫监督检查站位于川陕结合部，七盘关是入川的重要通道和必经的咽喉之地，每年经七盘关入川动物约400万头（只、羽），其大中型动物230万头，动物产品35万吨，占入川总量的三分之二。检查组实地查看了检疫设施、消毒间、实验室、检查了工作制度落实情况，肯定了该站探索建立固化“四大流程”、细化“四大制度”、强化“四大联结”、落实“四化监管”、确保“四大安全”的“5个4”监管工作新模式。,　　检查组还走访了广元市朝天区平溪乡大竹村农产品质量安全协管站，大竹村常年蔬菜种植面积近2500亩，2016年按照“四个一”标准建设了村级农产品质量安全协管站。配备一名村级协管员，在冷链物流中心固定一间30平方米的房子并挂牌，配备农药残留快速检测及相关设备，用于蔬菜等农产品中农药残留抽样检测，建立了巡查记录报告、检测证明准出及宣传执法等制度。协管站成立以来，每年检测蔬菜样品100批次以上，开展巡查近50次，培训农户250人次，年度考核均在95分以上，有力地保障大竹村蔬菜产业发展。,　　在为期5天的检查中，检查组深入农业企业、种养殖基地、乡镇监管服务站、农资门店等现场，实地查看政府属地责任、部门监管责任和生产经营主体责任落实情况，以及农业投入品监管、农业标准化生产、监管体系建设等工作落实情况。,　　检查组充分肯定了四川推进国家农产品质量安全县创建工作成效，认为四川省在创建工作中政府高度重视、制度机制完善、责任落实到位、宣传工作扎实，特别是在乡镇监管体系建设、质量追溯管理以及推进土地流转反包模式等工作值得借鉴学习。,　　针对检查中发现的问题，检查组强调要继续努力消除监管盲区，加强农业执法，推行准出准入，实施全程生产管控，确保老百姓“舌尖上的安全”。",c_1123272415, 2018-08-15 10:2,"
四川第二批国家农产品质量安全县创建工作获肯定-新",http://www.xinhuanet.com/food/2018-08/15/c_1123272415.htm
 新华网,"　　新华社郑州8月28日电(记者牛少杰)近日，河南省食品药品监督管理局、财政厅联合印发《河南省食品药品违法行为举报奖励办法》，鼓励公众积极举报食品药品违法行为，最高将给予50万元奖励。,　　《办法》规定，举报下列违法行为的予以奖励：食品(含食品添加剂)生产、经营环节食品安全方面的；药品、医疗器械生产、经营、使用等环节产品质量安全方面的；其他经食品药品监督管理部门认定需要予以奖励的。,　　根据规定，举报奖励标准按照涉案货值金额或者罚没款金额、奖励等级等因素综合计算奖励金额，每起案件的奖励金额原则上不超过50万元。,　　举报奖励分三个等级，一级一般按涉案货值金额或者罚没款金额的4%-6%(含)给予奖励，最低2000元，二级、三级也按涉案货值金额或者罚没款金额的规定比例给予奖励；违法行为不涉及货值金额或罚没款金额的，但举报内容属实，可视情形给予200-2000元奖励。",c_1123345194, 2018-08-29 09:0,"
河南：举报食品药品违法行为最高可获50万元奖励-新",http://www.xinhuanet.com/food/2018-08/29/c_1123345194.htm
 工人日报,"　　,　　,　　近日，天津市餐饮行业协会煎饼子分会宣布成立。分会会长宋冠鸣表示，将会同天津市质量管理研究所，尽快制定天津煎饼子团体标准，让更多的从业者有标可依、按标作业，实现行业制作、卫生、食品安全整体上水平。,　　在天津人眼中，最正宗的煎饼子往往不是源于饭店酒楼，而是来自街边、社区一些不起眼的小门店或者摊点。作为最广大、最普通的市民百姓家门口的“特色小吃”，煎饼子也要成立协会？也要标准化？这引起天津市民的广泛关注。,　　,　　根据煎饼子分会初步统计，目前天津总共有2000家以上的煎饼子摊，每家每天平均卖出150套，一年的总产值至少不低于5个亿。,　　宋冠鸣表示，目前天津煎饼子的行业现状是比较乱的，标准不统一，很多制作方法也不正宗，卫生标准参差不齐。,　　据介绍，现在的天津煎饼子什么样的都有，有的加入了一些酱豆腐、黑芝麻、白芝麻等提味的食材，有的还加入了花生、生菜、火腿，甚至还有加辽参的，成了可以“夹一切”的大饼。,　　而宋冠鸣眼中的天津煎饼子是这样做成的：面糊由绿豆、小米加五香粉混合而成，然后加子或篦、面酱、葱花、辣椒酱，再根据个人喜好加一两个鸡蛋，没有其他材料，“这才是一个正宗的天津煎饼子”。,　　宋冠鸣进一步补充说，面糊用纯绿豆或加10%～20%的小米，然后用石磨水磨成浆，也有磨成干粉后加水调制的，这样才算是好吃的。,　　在天津人眼中，煎饼子是有历史沉淀的。经历漫长时间的浸润，煎饼子对天津人而言代表着一种已经“深入骨髓”的生活方式，成了“神圣不可侵犯”的文化信仰。,　　天津煎饼子至少有600年的历史，2017年还成功入选天津市人民政府批准公布的第四批市级非物质文化遗产名录。,　　此次煎饼子分会试图通过制定团体标准，对煎饼子进行规范，实现标准化操作，以改变目前五花八门的现状，恢复煎饼子的传统小吃面目。“其出发点是为了维护天津煎饼子的历史传统，使得这种美食能够保持传统原貌，继续传承下去。” 宋冠鸣说。,　　对此，天津某老字号煎饼子第五代传人刘宇顺称，目前在天津，煎饼子现状比较乱，形形色色，也没有价格区分和行业标准，谁也不知道哪家的煎饼子最正宗、最好。成立这个分会，在流程标准上可以对业内人士进行督促，将传统技艺传承下去。“现在很多年轻人不喜欢制作煎饼子，但是老一辈的人老了，需要年轻一代顶上去，将煎饼子这个技艺传承下去”。,　　,　　对于煎饼子是否一定要固守传统，有天津网友提出质疑：煎饼子就得是一模一样的味儿？就得是“古时候的味道”？古人喜欢的味道，现代人未必也喜欢。,　　有分析人士认为，如今，社会迎来了一个标准化时代，几乎所有行业都在推行标准化，食品行业也不能置身事外，但中餐与西餐不同，中餐由于自身特点，很难实现自动化生产。,　　“食品行业明确适当的标准，对于产业发展和风险防控，具有一定的意义，却也会制约食品演变、发展、创新的步伐。”,　　一段时期以来，什么“拉面标准”“肉夹馍标准”“炒饭标准”以及相应的特色小吃协会，你方唱罢我登场。对于此次即将推出的煎饼子标准能在多大程度推广，受到市场多大认可？天津社会科学院一位研究者认为，即便有标准，也应该是相对概念性的，煎饼子是否正宗可能并不重要，在过分强调正宗的理由下，可能会降低行业的活力。,　　值得关注的是，2017年11月，由天津市餐饮协会和小吃专业委员会组织的天津煎饼子百强评选活动，得到了天津市民的热捧。累计参赛店家380家，累计有效投票104万张，相关网站总访问量达1219万人次。,　　这表明，传统做法的煎饼子在天津还是有着相当庞大的支持者。但是，好吃比正宗更重要，市场认可比标准认可更有意义，“传统与创新并行不悖，短期内恐难以改变”。",c_1122601938, 2018-03-28 09:4,"
天津煎饼子遇标准化难题 地方小吃传承如何与创新融合？-新",http://www.xinhuanet.com/food/2018-03/28/c_1122601938.htm
 新华网,"　　新华网北京8月31日电（王忻）2018年9月，市场监管总局联合中共中央宣传部、教育部、工业和信息化部、银保监会、全国总工会、共青团中央、机械工业联合会等共34个部门，以“加强市场监管 建设质量强国”为主题，共同部署开展2018年全国“质量月”活动。,市场监管总局质量发展局副局长王S松,　　今年是改革开放40周年，也是全国“质量月”活动第40个年头。全国“质量月”活动是改革开放的标志性活动之一。今年“质量月”活动是市场监管总局组建后开展的第一个“质量月”活动，活动以“加强市场监管 建设质量强国”为主题，通过加强市场综合监管，营造统一开放、竞争有序的市场环境，更好发挥市场竞争机制的作用，激发质量创新的动力，释放提升质量的活力，以人民为中心，推动产品、工程、服务质量提升，加快建设质量强国，推动高质量发展。,　　今年“质量月”活动从质量整治、消费维权、质量服务、质量提升、改善营商环境、质量宣传等六个方面，筹划安排了160项活动，为企业提质升级转型发展提供内生动力，为老百姓解决实际质量问题。,　　其中，将重点突出开展三大方面活动。一是开展保障质量安全的活动，共42项，围绕人民群众关心关注的质量安全问题，公安部开展打击制售假冒伪劣商品犯罪行动、生态环境部开展严厉打击生产销售不达标车辆违法行为专项活动、水利部开展水利建设质量工作年度考核、农业农村部开展“质量兴农万里行”农产品质量安全系列活动、市场监管总局开展“网剑行动”等，让人民群众买得放心、用得放心、吃得放心。,　　二是开展促进质量提升的活动，共36项，大力开展质量提升行动，工业和信息化部开展企业品牌培育标准宣贯活动、自然资源部开展海洋质量提升行动、住房城乡建设部开展工程质量安全提升行动督查活动、市场监管总局开展“服务零距离、质量零缺陷”质量技术服务活动、全国总工会开展“当好主人翁、建功新时代”主题劳动和技能竞赛、共青团中央开展“振兴杯”全国青年职业技能大赛，让“质量意识深入人心、质量管理深入人心、质量提升深入人心”。,　　三是开展为消费者服务的活动，共21项，坚持以人民为中心，创新维权模式，完善维权机制，为百姓营造安全放心的消费环境，市场监管总局开展放心消费创建活动、红盾质量维权行动，银保监会开展“金融知识进万家”活动等。,　　据悉，作为“质量月”重点活动之一，中组部将于9月1日至5日在中国浦东干部学院举办“省部级干部建设质量强国专题研讨班”，推动树立质量第一的强烈意识，从而形成全社会关心质量、重视质量的良好氛围。,　　",c_1123360036, 2018-08-31 14:2,"
市场监管总局等34个部门联合开展2018年全国“质量月”活动-新",http://www.xinhuanet.com/food/2018-08/31/c_1123360036.htm
,,index,,"
完美公司 让慈善更有温度_新",http://www.xinhuanet.com/food/2018wmcs/index.htm
 南方日报,"　　由于有机食品有着安全、健康的形象，使得越来越多的消费者将目光投向了它。,　　“有机大米”“有机蔬菜”“有机猪肉”……近年来，有机食品以安全、健康、营养的形象赢得广大消费者的心，越来越多的“有机食品”出现在各大超市和电商平台，且价格不菲。在一些大型电商平台上，记者发现，一些打着“有机大米”“生态大米”“绿色大米”标签的大米，价格往往是普通大米的2-3倍。,　　对此现象，有业内人士指出，“普通消费者很难从外观上辨认出产品是否真为有机食品。许多超市所谓的有机食品是否真能达到有机产品标准，还是得打个问号。”,　　一沾“有机”，身价倍增,　　食品安全问题一直是大众关心的热点话题，由于有机食品有着安全、健康的形象，使得越来越多的消费者将目光投向了它。,　　日前，南方日报记者走访广州几大商超发现，有几十种不同种类不同价位的大米在售卖，便宜的普通散装米只卖2元/斤，贵的品牌大米可以卖到20元/斤以上，有机大米身价更高，一斤要卖到四五十元。在京东、天猫、苏宁易购等大型电商平台上，记者同样发现，一些打着“有机大米”“生态大米”“绿色大米”标签的大米，价格往往是普通大米的2-3倍。,　　有机某种意义上也就是生态的概念。根据国家相关规定，有机农业是指在生产中不采用转基因、不使用化学合成的农药、化肥、生长调节剂、饲料添加剂等物质，遵循自然规律和生态学原理，协调种植业和养殖业的平衡，采用一系列可持续发展的农业技术以维持持续稳定的农业生产体系的一种农业生产方式。,　　在我国目前的食品安全分级中，有机食品位于最顶层，执行的是国内最严格的标准。按照排序应该是：普通大米、绿色大米、有机大米。,　　值得注意的是，大众观念中“有机农业是完全不允许使用农药”。对此，长期关注有机食品安全的广州医科大学附属第二医院营养科主任医师邓宇虹纠正说，大多数被批准用于有机农业的农药都是对于消费者来说相对毒性较低的，因为这些没有与任何确定的毒性有联系(例如，薄荷油、石英沙子、某些微生物)，它们是正常饮食的一部分或者是人类的营养物质(例如铁、碳酸氢钾、菜籽油)，或者因为它们只被批准用于捕获昆虫。,　　有机食品凭啥这么贵？,　　“我不懂大米，只好通过大米的价格来判断哪个质量更好。”有消费者如是说。事实上，记者在调查中发现，贵是消费者对有机大米最直观的感受。,　　有机大米为什么这么贵？从十年前就开始关注有机农产品的天地人禾消费合作社创始人刘尚文介绍，“我们打个比方，5元代表普通大米，15元代表有机大米。那么可以这样说，15元/斤的米可能比5元/斤的米少了对人体有害的污染物、少了对人体有害的农残、少了粮库杀虫剂。”,　　邓宇虹告诉南方日报记者，在目前的技术条件下，有机大米的产量较低，如果普通水稻亩产量有千斤，那有机水稻亩产一般只有500斤左右，最好的不超过800斤，产量低价格自然就高。此外，加上有机食品流通和销售渠道不如常规食物成熟，市场容量少、有机认证费用高，这些都导致了目前有机大米的价格比普通大米贵。,　　谈到价格，刘尚文表示，有机大米有着比普通大米更加严格的种植收购、加工生产、仓储物流、检测检验以及销售流程，每个环节的背后都包含着巨大的成本，换句话来说，有机大米是被成本逼上的“高价”。,　　是否“有机”，谁说了算？,　　从食品安全角度出发，邓宇虹还是建议大家有条件的话尽可能选择环境管控更加严格的有机/生态食品。然而，她同时坦言，“有时即便愿意出高价，也未必能买到真正的有机/生态大米”。,　　邓宇虹谈到，有机认证存在一定的公信力问题。“我们目前的有机认证是商业操作，由第三方认证公司去收费执行，不低的收费将一些小规模企业挡在了认证门外。此外，有机认证是一个现场核查的过程，核查之余，商家完全可能做手脚。”,　　如今在网上搜索“有机食品认证服务”，可以找到很多咨询机构，这些机构大多宣称可以代理有机食品的认证。“那种承诺‘一次通过’的所谓认证咨询机构，完全是无视有机食品生产规律，损坏有机食品形象的行为，有的甚至与一些认证机构勾结，欺骗企业和消费者。”一家大型认证机构的总工程师对媒体表示。,　　刘尚文表示，目前有机市场虽然相比十年前已大为改善，但还是有一些令人失望之处。首先是感官方面，普通消费者仅凭感官其实难以区分他们与普通大米的区别，无论是外观方面还是口感方面，都不能完全提供参考依据。,　　一位有机茶叶种植者向南方日报记者透露，“我可以在500亩地中，100亩做有机认证，其余400亩施农药、打化肥，然后把100亩与400亩的茶叶混合售卖，但贴出的是有机牌。这种操作在业界并不少见。”,　　刘尚文表示，“我们期待，国内的消费者能够不单依赖政府对市场进行监管制定标准，消费者自身也能够有更强的健康意识，建立起民间的监管机制，这不单单是有利于规范生产者的行为，更重要的是会影响消费者自身的健康未来。”,　　■贴士,　　有机食品如何,　　辨真假？,　　对普通消费者而言，仅凭感官其实难以区分有机食品与普通的区别。那么，怎样才能买到真的有机食品呢？除了查看有机认证，还要注意些什么呢？广州医科大学附属第二医院营养科主任医师为大家提供了三点建议：,　　一看价格。“一分钱一分货”这条准则同样适用于有机食品，以有机大米为例，目前有机大米的正常价位应该在每斤10元-20元左右，低于这个价格基本买不到真正的有机大米，而超过这个价格太多就可能存在一定的营销包装溢价。,　　二看渠道。最好的购买渠道莫过于通过熟悉的生产者直接购买，其次是一些大型的超市或者电商平台，他们一般对于商品有更严格的质量控制，相对安全一些。如果能够获取一些产品生产细节的公开信息，也将有利于消费者进行判断甄别。,　　三看消费者自己。消费者加强对于有机的认识和相关的知识积累，不仅有利于更好地作出独立的判断和选择，也能提升消费者自身对于健康饮食的认识。,　　（记者 李 实习生 孙敏）",c_1122533817, 2018-03-14 08:4,"
有机食品“真假”谁说了算？-新",http://www.xinhuanet.com/food/2018-03/14/c_1122533817.htm
 新华社,"　　新华社北京3月15日电（记者侯雪静、邬慧颖）病死畜禽无害化处理是社会各界一直关注的事，“死猪漂流”事件常常会牵动社会的神经。全国人大代表、牧原集团党委书记秦英林建议，要在全国推广养殖保险与病死畜禽无害化处理的联动机制，切实降低养殖户无害化处理的实际成本，进一步提升无害化处理率，从而促进我国畜牧业健康发展、确保食品安全。,　　秦英林说，建立养殖保险与病死畜禽无害化处理联动机制，是要以政策性农业保险为杠杆，在畜禽出现疫病、自然灾害和意外事故时，让养殖户获得一定保障，能够保证生产经营的连续性，降低养殖风险，稳定收入水平，有利于推进病死畜禽无害化处理，保障百姓舌尖上的安全。,　　秦英林介绍，以生猪保险为例，2016年全国能繁母猪保险、育肥猪保险覆盖面分别为67.36%、35.67%，在全国覆盖面还比较低，目前仅在生猪大县开展养殖保险与病死猪无害化处理联动机制试点。,　　秦英林建议，在全国范围推广养殖保险与病死畜禽无害化处理联动机制，将病死畜禽无害化处理作为保险理赔的前提条件，充分发挥保险的风险补偿和社会管理职能。建议将养殖户、畜牧部门、保险公司、无害化处理中心确认的收集处理凭证，作为保险理赔和政府补贴的依据，相互监督制约。此外，加大对养殖业保险的财政补贴力度，为养殖户“减负”。",c_1122544792, 2018-03-16 08:4,"
秦英林代表：全面推行养殖保险与病死畜禽无害化处理联动-新",http://www.xinhuanet.com/food/2018-03/16/c_1122544792.htm
 新华社,"　　新华社哈尔滨３月１５日电（记者闫睿）黑龙江省近日出台意见明确，全面落实生产经营者主体责任，严格农产品质量安全全流程监管，努力增加该省绿色优质农产品供给，保障百姓“舌尖上的安全”。,　　这份关于进一步加强农产品质量安全监管工作的意见要求，厘清各部门监管职责，确保各环节农产品质量安全监管职责实现无缝衔接；严格源头治理，开展农产品产地环境监测和风险评估；重点防治农用地土壤重金属污染、农业种植用水污染等，切断污染物进入农田的链条；逐步构建覆盖规模以上生产基地、涵盖收储运环节的监测网络。,　　黑龙江省将全面建立农产品质量安全生产经营责任制和承诺制，农产品生产企业、畜禽屠宰企业、农民合作社、家庭农场等对生产的农产品质量安全负责。同时，加快农业地方标准制订和各类标准的集成转化，以绿色、有机农产品生产技术为主，补充完善适合该省农作物生产的农业地方标准，指导生产主体按标生产农产品，有效提高质量。,　　为推进质量追溯管理，黑龙江省将逐步扩大追溯范围和规模，按照农产品生产有记录、信息可查询、流向可跟踪、责任可追究、产品可召回标准，激励、倒逼企业落实生产主体责任。此外，还将农产品质量安全执法纳入农业综合执法范围，建立农产品质量安全有奖举报制度，让违法违规生产行为无处藏身。",c_1122544824, 2018-03-16 08:4,"
黑龙江对农产品质量安全监管提出新要求-新",http://www.xinhuanet.com/food/2018-03/16/c_1122544824.htm
 新华网,"　　新华网北京8月31日电（冯孔） 8月29日，由中央网信办违法和不良信息举报中心主办、新华网承办的中国互联网联合辟谣平台在京正式上线。多家食品企业表示，“辟谣平台”有助于整治网络谣言、净化虚拟空间，弘扬主旋律、传播正能量，为企业发展营造风清气正的舆论氛围，有助于澄清谬误、明辨是非，给造谣者强有力的震慑，保护企业的合法经营。,　　中盐集团副总经理王云表示，几天前，“食盐中亚铁氰化钾对人体有害”的谣言迅速蔓延各大社交媒体。类似生活必需品屡遭谣言中伤，引发抢购潮与抵制潮，给社会稳定带来负面影响。“辟谣平台”的开通，体现了监管部门打击网络谣言的坚定态度，也体现了新华网等主流媒体的责任担当。企业迫切需要权威平台第一时间传递真相、解疑释惑。,　　康师傅集团品牌长室特助暨公关部负责人班博勋认为，“辟谣平台”通过部委发布、地方回应、媒体求证、专家视角、辟谣课堂等栏目，给消费者和企业以工具，有利于网民在线举报查证。,　　伊利集团副总裁张轶鹏表示，谣言传播具有成本低、速度快、杀伤力强的特点，损害企业的声誉，影响企业的经营，它会对消费者造成误导，影响消费者的切身利益。,　　“企业品牌的打造需要多年努力，但是谣言可能让品牌毁于一旦”张轶鹏说。,　　蒙牛乳业集团事务高级总监刘馨蔚表示，“谣言止于智者”，互联网上的谣言众说纷纭，就是因为缺乏权威声音盖棺定论，辟谣平台的上线不但提供了权威声音，还配合联动处置，非常有助于净化网络环境，保护企业合法经营权益。,　　双汇发展公共关系中心负责人周霄表示，中国互联网联合辟谣平台，采取的大数据精准识谣、联盟权威辟谣、多终端立体传播、指尖即时查证、关口前移防范的防治模式，为打击网络谣言，消除民众疑虑，提供了有力的平台支撑。,　　“打着‘食品安全’幌子的谣言不仅给企业造成了直接而巨大的经济损失，削弱了政府行政的公信力，而且挫伤了公众对中国食品安全的信任，给消费者造成了极大的‘安全焦虑’，”益海嘉里集团公共事务部总监王巍对食品谣言深恶痛绝。他表示，面对网络谣言，企业的发声是微弱的，处置能力是有限的，必须要靠政府监管部门、行业协会、新闻媒体，以及行业同仁共同面对，靠社会共治才能赢得对网络谣言的胜利，需要打造具有公信力、权威性的平台，定期公布谣言、重拳打击谣言、及时清除谣言。,　　“民以食为天”，食品安全问题一直是舆论关注的焦点，任何风吹草动都会挑动公众神经。据中国社会科学院研究报告统计,当前,食品安全谣言占我国各类网络谣言的45%,位居第一。,　　为打击食品谣言，2015年，中国食品辟谣联盟成立。作为中国互联网联合辟谣平台组成部分，中国食品辟谣联盟自成立以来，持续打击食品谣言，为肃清网络食品谣言尽职尽力，同时着力研究谣言形成传播的社会机理，探索面向食品安全信息传播领域各相关方的自律机制，努力为创新网络社会治理模式积累有益经验。,　　据悉，在国家网信办、农业农村部、国家市场监管总局等部委指导下，截至目前，中国食品辟谣联盟共举办13次专项落地活动，发布60余条权威辟谣信息，邀请500余家（次）媒体参与食品辟谣活动。中国食品辟谣网、新华网发布及转发相关食品科普信息累计近4000条，在食品和媒体行业形成了巨大的影响力。",c_1123359394, 2018-08-31 11:1,"
食品企业点赞“辟谣平台”：保护企业的合法经营-新",http://www.xinhuanet.com/food/2018-08/31/c_1123359394.htm
 新华网,"　　新华网北京8月31日电（王忻）近日，微信朋友圈流传起一个网友实拍的“水洗面条”的视频。从视频中可以看到，拿面条不停在水中搓洗后，水越来越浑浊，而面条慢慢变成了一块“胶状物体”。中国食品辟谣联盟再次辟谣：所谓的面条中洗出的“胶”，其实是面筋。,　　科信食品安全与营养信息交流中心副主任钟凯指出，面条、面片、饺子皮等，在用水洗时，淀粉和水溶性成分就会离开，剩下具有黏性、延伸性且不溶于水的东西，那就是面筋，而面筋的主要成分是蛋白质，营养非常丰富。,　　挂面由面粉加工而成，面粉由淀粉、蛋白质（俗称面筋）、脂肪、维生素和矿物质等组成。当加水和面，面粉中的蛋白质，特别是其中的麦醇溶蛋白和麦谷蛋白大量吸水，发生膨胀，分子间互相粘结，形成了面团的骨架组织。如将面团静置20分钟后再用清水反复搓洗，可将面团中淀粉等物质洗掉，剩下具有一定黏性和弹性的网络状凝胶物质，这就是面粉中的蛋白质，也即民间俗称的“面筋”。,　　日常和面擀皮时，大家会注意到，擀开后面片会有所收缩，这是因为面筋所具有的延伸性和弹性；在和面时加入一定量的食用盐（约为面粉重量的2%左右）或者食用碱（约为面粉重量的0.15%-0.2%），可以增强面筋的筋力，使面团具备更好的延伸性和弹性。此外，面筋具有海绵或纤维状组织结构，能够包裹住一定量的气体，这就是我们常见的面包、馒头等发酵面制品中有很多气孔的原因。,　　其实，我们在家里也可以制作面筋食品：和好面后，用水洗出面筋，将洗好的面筋用手团成球形，放入热油锅内炸至金黄色捞出，即成油炸面筋。将面筋投入沸水锅内煮熟，即是水面筋。,　　此外，视频中的网友还将挂面点燃，挂面可以燃烧，从而质疑挂面中含有不明物质。这也是较为基础的科学知识。面粉由碳、氢等元素组成，都属可燃性物质，当把挂面在空气中点燃时，很容易达到着火点的温度，满足物质燃烧三条件（可燃性物、氧气、燃点温度），所以挂面可燃是正常的现象。,　　对于挂面含胶或可燃的谣言，原国家食品药品监督管理总局、湖南省食品药品监督管理局、河北省食品药品监督管理局2017年5月份均曾专题辟谣。2018年7月，国家市场监管总局发布的《食品安全消费提示》，也对挂面含“胶”及可燃谣言进行了科学解释。中国食品辟谣联盟提示网友，注意甄别此类谣言，不信谣不传谣。",c_1123355040, 2018-08-31 12:0,"
网传面条洗出“胶”是谣言 其实那是面筋-新",http://www.xinhuanet.com/food/2018-08/31/c_1123355040.htm
 南方日报,"　　名气仅次于海底捞、呷哺呷哺的成都火锅品牌小龙坎，最近做起了茶饮生意。小龙坎新开的茶饮店名称叫“龙小茶”，首店开在在成都锦江区大慈寺路，旁边是CoCo都可的门店，“龙小茶”和小龙坎都是独立的品牌，隶属于龙坎火锅的母公司――四川仁众投资管理有限公司。,　　龙小茶的装修风格采用水墨山水的写意画风，蓝底白字的门头设计简洁醒目，门店面积40平米左右。据网上流出的菜单显示，餐品也以新中式茶饮为主，除了酸梅汤、雪梨水等和火锅搭配着出现的消暑饮品，还有奶盖茶，比如黑芝麻奶盖、桂花奶盖等，以及水果茶，客单价在12元-19元之间。龙小茶负责人曾透露这家店已经低调试营业3个月，客单价13元，营业额每周保持15%的递增，店内独创的招牌产品――仙子酿系列，点单率占到50%左右，第二家100平米以上的店已经在筹备中，预计在今年9月份开业。,　　而在小龙坎之前，已经有多家火锅品牌瞄上了茶饮市场，比如呷哺呷哺的“凑凑”，海底捞也有店内自己调制的饮料。至于火锅店为什么争相进入茶饮市场，不是说火锅生意不好了，而是他们实在不能放过这一增量，况且“餐饮”不分家，茶饮带来的新消费场景也是火锅店所诉求的。,　　火锅一直是餐饮行业中的“吸金王”，据中国饭店协会发布2018中国餐饮集团百强榜显示，火锅餐饮集团营业额合计超过440亿元，成都小龙坎火锅仅居于海底捞、呷哺呷哺之后，排名第三。红火的背后，火锅行业在供应链、选址、人才的竞争日趋白热化，并且火锅市场高度分散，以2017年收入计，中国火锅市场的前五大经营者仅占总市场份额的5.5%。,　　相比于火锅市场的红利天花板，茶饮市场正在蓬勃生长，不少茶饮品牌通过轻食增加消费客群的粘性，也有不少火锅试图通过茶饮开发新的盈利渠道，吸引更多层次的客群，形成品牌矩阵。根据仁众投资管理有限公司相关负责人所说，通过事先调研，茶饮市场潜在规模约为500亿元，消费群体约为5亿人，这是该公司进入该行业的直接和主要原因。,　　此外，茶饮的优势包括高毛利、高标准化、高成长性以及低技能要求、低固定资产，即使是“新手上路”也可以掌握一些门道，而在具有选址、供应链把控、人员培训等基础的火锅品牌，做茶饮就更事半功倍。而和轻食不一样，火锅行业的用餐时间比较集中，茶饮品类可以利用弥补火锅营业的其他时间的成本损耗，提高坪效，从而发挥出“1+1>2”的效果。,　　火锅行业还有一个痛点就是“外卖”，无论外卖市场发展多么红火，因为火锅的固有属性，很难尝到这一块蛋糕，海底捞曾经做过烧烤外送的尝试，上线业务后就没有了下文。火锅品牌们急切需要多元消费场景的创新，招揽年轻人喜欢，盈利高又可以外送，同时还契合火锅原来的消费场景的茶饮当然是其中的首选。,　　有数据显示，呷哺呷哺旗下的凑凑，茶饮的销售平均占比为18%，到了夏秋季，这一数据会升至22%。不过，与凑凑的“火锅＋茶饮”同店混业的路线不同，龙小茶走的是副牌模式，餐与饮各自分开，独立品牌、独立门店，独立核算，自负盈亏的龙小茶，代表茶饮从充当火锅品牌的“绿叶”变成了并驾齐驱的“红花”，火锅品牌们要借茶饮反哺品牌，割裂式的发展很容易陷入“两头挨打”的地步。记者 彭颖",c_1123312582, 2018-08-23 08:5,"
火锅跨界茶饮 不能本末倒置-新",http://www.xinhuanet.com/food/2018-08/23/c_1123312582.htm
,,index,,"
2018中国食品辟谣论坛_新",http://www.xinhuanet.com/food/2018SPPYLT/index.htm
 新华网,"　　新华网北京8月31日电（曹晨）30日，伊利股份（600887）发布半年报。2018年上半年，伊利实现营业总收入399.43亿元，较上年同期增长19.26%，净利润34.69亿元，稳居行业第一，营收净利润持续双增。,　　伊利集团相关负责人表示：“要让创新成为伊利的态度。在‘不创新，无未来’的理念引领下，伊利中报用好业绩做出了阐释。”,　　伊利表示，报告期内，公司积极把握乳品市场增长机会，在坚守“伊利即品质”信条、执行“质量领先” 战略的同时，继续以创新发展和拓展国际业务为突破，深入贯彻“精准营销、精益运营、精确管理”的方针，实现了业务快速发展。,　　分产品看，报告期，公司的“金典”、“安慕希”、“畅轻”、“每益添”、“Joy Day”、“金领冠”、“巧乐兹”、“甄稀”等重点产品系列的销售收入比上年同期增长30%以上；公司新品销售收入占比较上年同期提高了5个百分点。,　　国际业务方面，报告期，公司积极响应“,”倡议，大力拓展国际化业务，产品走出国门，落地印尼市场，受到当地消费者的青睐。创新和国际化的双轮驱动模式，为公司业绩持续增长提供了有力保障。,　　伊利的渠道渗透能力不断提高。报告期，公司产品的市场渗透能力继续增强，渠道份额稳步提升。凯度调研数据显示，截至2018年6月，公司常温液态类乳品的市场渗透率为81.2%，比上年同期提升了2.7个百分点。尼尔森零研数据显示，婴幼儿配方奶粉在母婴渠道的零售额比上年同期增长38.7%。同时，伴随着海外市场的拓展步伐，公司渠道渗透能力的优势继续得以夯实。,　　开源证券研报显示，看好公司作为国内奶业龙头所具备的的产品研发能力、深度下沉的渠道及营销网络。高端白奶、高端酸奶动销良好，三四线城乡液态类乳品零售额增幅较快，成为拉动乳品消费规模增长的新引擎；国内消费者对产品多样化的要求上升，对安全、健康、高品质特质的重视度与日俱增，公司积极响应消费升级趋势，持续推出新产品，不断推动产品升级，通过持续下沉的渠道网络和明星代言进行快速推广；公司加大对非乳市场的开拓，有望依托公司强大的渠道网络和品牌背书能力，抢占部分市场份额，产品创新能力继续驱动公司整体业务持续增长等。,　　伊利靓丽的业绩也得益于国内乳品行业的快速发展。尼尔森零研数据显示，报告期，国内乳品细分市场得到快速发展。其中，在实体零售终端，奶粉、低温纯牛奶与常温酸奶的零售额，分别比上年同期增长14.8%、16.1%、18.6%。,　　与此同时，星图数据显示，在线上零售渠道，乳品交易规模也在继续扩大，其零售额比上年同期增长36.8%。品类与渠道的细分和成长，给整体乳品行业发展带来了更多商机。在满足消费者需求不断变化的过程中，国内乳业持续健康发展。,　　国家的相关文件也为行业的持续发展提供了政策支持。今年6月，国务院办公厅印发《关于推进奶业振兴保障乳品质量安全的意见》，文件围绕奶源基地建设、乳制品加工流通、乳品质量安全监管以及消费引导等方面作出全面部署，同时也确立了行业的战略定位。,　　伊利集团相关负责人表示，伊利坚守“伊利即品质”的企业信条，把握市场新机遇、洞察消费者新需求，以产品赋“芯”、模式革“芯”、技术创“芯”、标准立“芯”，一定程度上推动了整个行业的高质量发展。",c_1123361633, 2018-08-31 17:1,"
上半年营收近400亿 伊利中报业绩再创新高-新",http://www.xinhuanet.com/food/2018-08/31/c_1123361633.htm
 新华网,"　　所谓的“伏天儿”，是指农历“三伏天”，出现在小暑和处暑之中，是一年中气温最高且潮湿、闷热的日子。民间常道：“伏”就是天气太热了，宜伏不宜动。伏天的气候特点也使其成为食源性疾病高发季节，为保证消费者饮食安全，国家市场监管总局作如下提示：,　　,　　伏天气候炎热潮湿，各种食材均易发生腐败变质，因此应在正规商场、超市或农贸市场选购新鲜的食材。避免采购或采摘不认识的野生蘑菇、野菜、野果或捕捞野生贝类，以防食物中毒。,　　购买的食材或食物应严格按照其贮存要求存放并尽快食用。鲜切水果避免过夜存放；干制品也应密封后冷藏保存；冷藏冷冻食品应尽快放入冰箱贮存，注意分类、分区单独包装、存放，以避免交叉污染。另外，冰箱应经常清洁、消毒，减少冰箱中微生物滋生的概率。,　　,　　受暑热刺激，人们的消化能力往往会减弱，感到食欲不振。因此，夏季饮食宜口味清淡，烹调方式多用蒸煮炖，少用煎炸；饭菜要注意烧熟煮透，尤其是四季豆等豆类蔬菜以及水产品、肉类等。三餐中适当增加汤类，不仅可补充水分，还能调节口味、增加食欲；多吃新鲜瓜果蔬菜和鱼肉蛋奶，以补充蛋白质、维生素、矿物质和膳食纤维。,　　食物制作时特别要注意清洁卫生，加工食材应充分清洗，所用刀具、砧板要生熟分开。居家饭菜制作应适量，尽量一次吃完，剩饭剩菜应及时放入冰箱，再次食用前应确认无腐败变质并经彻底加热。,　　,　　在外就餐，应选择具备食品经营许可证或餐饮服务许可证，卫生环境良好、设施齐全的餐饮服务单位，餐后应主动索取发票等就餐凭证，尽量避免光顾无证流动摊点。,　　烤串、海鲜是不少消费者在夏日的必选美食，建议选择经加热熟透的烧烤食品和海鲜，优先选择电烤串，食用要适量，不吃或少吃生海鲜。少吃新奇食材，比如各种野味，慎重选择熟卤菜、凉菜，如果发现颜色或味道异常，应立即停止食用。,　　,　　冷饮在夏日里常受消费者青睐。大量摄入冰冷食物，会刺激胃肠道，造成其功能紊乱，引发腹痛、腹泻等胃肠道疾病，甚至是咽炎或牙痛等疾病。,　　建议消费者多饮白开水，也可根据自身情况选择绿豆汤、绿茶、酸梅汤等。食用雪糕、冰激凌或冰镇饮料等冰冷食品时应适量，最好在两餐之间，以减少对胃肠道的刺激和对正餐食物摄入的影响。剧烈运动、大量出汗后不要立即食用冷饮，避免刺激胃黏膜血管收缩，引起胃肠道功能紊乱。,　　,　　老年人、儿童及低免疫力人群应控制生冷食物的摄入，建议主动、少量、多次饮水,以补充身体所需水分。老年人由于新陈代谢减慢，咀嚼能力下降，在食物选择上宜丰富、清淡，按照膳食宝塔的推荐，每天食物多样化;儿童由于其胃肠功能较弱，免疫力较差，伏天需要特别注意饮食均衡，营养充足。,　　高温作业人群由于大量出汗，体内的钠、钾、水溶性维生素等大量丢失，应及时补充水和无机盐，并适量增加鱼肉蛋奶豆等优质蛋白质和富含钾、维生素C和B族维生素的果蔬摄入，以补充高温作业能量和营养素消耗。,　　此外，痛风患者或高尿酸血症患者忌食海鲜、忌饮酒。,　　,　　马冠生 北京大学公共卫生学院营养与食品卫生系主任、教授,　　范志红 中国农业大学食品科学与营养工程学院副教授,　　高 洁 河北农业大学食品科学技术学院副教授,　　谢 晶 上海海洋大学食品学院院长、教授,　　臧明伍 中国肉类食品综合研究中心教授级高工",c_1123207704, 2018-08-01 14:3,"
国家市场监管总局发布伏天饮食消费提示-新",http://www.xinhuanet.com/food/2018-08/01/c_1123207704.htm
 广州日报,"　　14日，国家统计局公布数据显示，7月份全国居民消费价格同比上涨2.1%。1-7月份，城镇新增就业880万人，比上年同期增加25万人，完成全年目标的80%。国家统计局新闻发言人刘爱华在国务院新闻办公室发布会上介绍，7月国民经济保持总体平稳、稳中有进、稳中向好发展态势。对于CPI重回“2”时代，刘爱华表示，猪肉价格上涨不会明显推高CPI，物价将保持温和上涨态势。,　　统计数据显示，7月居民消费价格指数略有上升，同比上涨2.1%，比上月略微上升了0.2个百分点。刘爱华表示，从核心价格指数来看，7月份核心价格指数是1.9%，在2%以下，而且与上月是持平的，应该讲总体物价比较稳定，而且属于温和上涨的范围。对于CPI下一步走势，据刘爱华分析农产品的供应比较充足，粮食已经连续5年稳定在1.2万亿斤的水平以上，连续多年的丰收保证了农产品总体供应是充足的。,　　猪肉价格自从2017年2月份持续18个月同比下降之后，6、7月份连续两个月环比出现了小幅回升，但是同比涨幅来看，1-7月份猪肉的价格同比仍然是下降的，下降了12.1%，仍然处在低位。它的变动对总体CPI的变化不会产生大的影响。,　　从工业消费品方面来看，目前市场供应比较充足，市场竞争比较充分，工业消费品没有大幅上涨的基础。,　　,　　从服务方面来看，服务是CPI内部涨幅略高的部分，但是服务的消费一方面因为供给侧结构性改革在持续推进，供给质量在提升，另外本身服务品大部分是属于不可贸易的，受外部冲击相对比较有限。刘爱华认为，总体来讲，服务价格能够保持比较稳定的局面。从政策环境来看，坚持稳健的货币政策也不支持物价出现大幅上涨的态势。,　　今年以来，基础设施投资从年初两位数增长放缓至1-7月份的5.7%。刘爱华表示，去年全年基础设施投资一直保持在20%以上的快速增长，所以今年在高基数的基础上继续保持快速增长是有一定难度的,下半年基础设施投资有望企稳。",c_1123271401, 2018-08-15 09:0,"
国家统计局：猪肉价格上涨不会明显推高CPI-新",http://www.xinhuanet.com/food/2018-08/15/c_1123271401.htm
 新华社,"　　新华社北京6月8日电（记者胡璐、董峻）农业农村部种植业管理司司长曾衍德8日表示，近年来我国通过推进种植结构调整，开展耕地轮作休耕制度试点等，在构建绿色种植制度上取得了积极进展。,　　曾衍德介绍说，近些年农业形势很好，一个显著的标志是粮食实现“十四连丰”。这一成绩来之不易，但也付出了一定代价，就是资源利用强度过大、化肥农药使用过量，影响农业持续发展。他认为，构建绿色种植制度是促进农业持续发展的根本出路。,　　绿色种植制度，属于作物栽培学范畴，体现作物生长发育与产品形成规律及其与环境条件的相互关系，也表现为作物持续高产、优质高效的栽培技术措施。“绿色种植制度，更体现发展理念的升华，还体现栽培方式内涵的拓展。根本的一点，就是将绿色发展的理念融入生产的全过程，形成绿色生产方式，实现资源永续利用、农业持续发展。”曾衍德说。,　　他说，我国已初步构建了省级统筹、责任到县，集中连片、整体推进，新型主体示范带动等有效的工作机制。与此同时，各地立足资源禀赋，创新了类型多样、适宜本地实际的绿色种植技术模式。在轮作区，实行“一主”与“多辅”结合。“一主”，就是玉米与大豆轮作为主，发挥大豆根瘤固氮养地作用。“多辅”，就是实行玉米与薯类、杂粮杂豆、油料作物、蔬菜及饲草等作物轮作。在休耕区，实行保护与治理并重。在有机肥替代化肥、绿色防控替代化学防治等项目实施中，也集成了一套技术模式。,　　不仅如此，还初步构建了绿色种植制度的政策框架。在轮作上，注重比较效益。在休耕上，注重收入保障。在有机肥替代化肥、绿色防控替代化学防治以及节水农业等项目实施中，采取政府购买服务等方式，支持农民或新型经营主体。,　　下一步，农业农村部将持续推进种植结构调整，加快推进轮作休耕制度化，加力推进农业投入品减量增效，加快构建中国特色的绿色种植制度。,
,
",c_1122959909, 2018-06-09 08:5,"
农业农村部：我国构建绿色种植制度取得积极进展-新",http://www.xinhuanet.com/food/2018-06/09/c_1122959909.htm
 新华网,"　　新华网北京8月30日电（冯孔）八月第四周（8月20日至26日），中国大宗商品价格指数（CCPI）为141.86点，比前一周上升1.1点，涨幅0.8%；比年初上升0.8点，涨幅0.6%；比上年同期上升12.4点，涨幅9.5%。,　　分类指数方面，共有七大类商品价格指数上涨，其中橡胶类、有色金属类涨幅居前，分别上涨3.1%和1.5%；牲畜类、食糖类环比持平。",c_1123354843, 2018-08-30 16:0,"
8月第4周ccpi上涨0.8% 橡胶类上涨3.1%涨幅居首-新",http://www.xinhuanet.com/food/2018-08/30/c_1123354843.htm
,,nylist,,农业_新华食品,http://www.xinhuanet.com/food/nylist.htm
 人民日报,"　　记者从海关总署获悉：南京海关所属南通海关日前破获一起绕关走私白糖大案，现场查获走私入境的白糖800余吨，抓获涉案犯罪嫌疑人29名。,　　我国是世界上最大的白糖消费市场之一，珠三角、长三角、京津地区是我国食糖消费的主要地区。走私分子将未经检验检疫的白糖偷运到沿海沿江码头，直接装卸分销流入市场，严重威胁百姓食品安全，扰乱了国内食糖贸易正常秩序。今年以来南京海关加大了对此类案件的打击查处力度，已查证走私白糖1.8万余吨。",c_1123178071, 2018-07-26 08:3,"
南京海关查获一起走私白糖大案-新",http://www.xinhuanet.com/food/2018-07/26/c_1123178071.htm
 新华网,"　　,　　新华网北京7月27日电（胡可璐）7月27日，以“新监管时代 食品谣言防控与治理”为主题的2018中国食品辟谣论坛在北京举行。论坛上，工业和信息化部消费品工业司司长高延敏在致辞中表示，工信部作为食品行业的主管部门，通过制定和实施规划、政策，引导食品生产企业进行技术改造，健全完善质量检测体系和追溯体系，加快提升质量安全保障能力，落实质量安全的主体责任。,　　高延敏表示，食品谣言之所以能够引起全社会的广泛关注，是因为食品安全是人民群众美好生活最基本的需要，是全社会的期盼。食品谣言的防治与治理不仅需要政府部门有力地监管，还需要企业、协会、新闻媒体、专业机构、社会公众的共同参与，更需要食品生产企业增强主体责任意识，提高质量安全水平，提升产品质量满意度和品牌的美誉度，筑牢食品安全公信力，让谣言没有生存空间。同时，还需要提高食品信息的可获得性，让老百姓获得及时准确的信息。,　　除了谣言治理和食安科普，高延敏认为，食品安全仍不可松懈。近年来，在各地区、各部门的共同努力下，我国食品安全形势保持了稳定向好的总体态势。工信部作为食品行业的主管部门，坚持以食品安全为主，注重提升发展质量，推动食品工业健康发展，通过制定和实施规划、政策，引导食品生产企业进行技术改造，健全完善质量检测体系和追溯体系，加快提升质量安全保障能力，督促企业树立诚信理念，完善诚信管理制度，落实质量安全的主体责任。,　　据悉，为促进行业持续健康发展，工信部将继续从以下三个方面开展工作。 一是深入实施“增品种、提品质、创品牌”的三品战略，深入发掘地方特色食品和中华传统民族食品，加快发展婴幼儿配方食品、老年食品以及满足特定人群需要的功能性食品，加强传统行业与智能化的结合，充分调动和培育创业者的企业家精神，发挥研发团队的工匠精神，不断提升食品品质，并逐步向国际品牌发展。,　　二是进一步提升食品安全的保障能力。加强食品工业企业诚信体系、管理体系、国家标准的宣传工作，组织食品质量安全检测技术中心为广大中小食品企业提供培训、检测等服务。,　　三是强化创新驱动。加强两化深度融合，强化企业创新主体地位，推动构建以企业为主体、产学研用为一体的技术体系，加大食品科普宣传力度，充分发挥行业协会的优势，选择具有独特功能和使用价值的创新消费品推向社会。",c_1123187166, 2018-07-27 16:4,"
工业和信息化部高延敏：深入实施“三品”战略 提升食安保障能力-新",http://www.xinhuanet.com/food/2018-07/27/c_1123187166.htm
 光明日报,"　　食品安全关系你我他，安全食品惠及千万家。近日，大连市在全国率先启动由快递小哥传递食品安全“进家入户”的主题宣传活动。大连市食品药品监管局副局长王聚告诉记者，外卖小哥在派送中可以向商户和消费者宣传食品安全常识，同时也将发现的违规问题及时反馈给点餐平台，点餐平台再反馈给监管部门，实现食品安全的社会共治。除此之外，大连市还在餐饮、食品生产、流通各个环节推出了一系列成效显著的“智慧监管”措施，筑牢食品安全监管网，保护公众“舌尖上”的安全。,　　,　　网络订餐越来越成为青年群体餐饮需求的主要方式，这也为食品安全监管带来了新的挑战。6月底，大连市网络订餐智能化监测系统正式上线，巧用大数据突破监管瓶颈。记者了解到，大连食品药品监管局依托智能化监测系统定期抓取全市网络订餐数据，与许可数据进行比对分析，这样就可以准确识别存在无证经营、证照不一致、超范围经营等违法违规问题的商户。随后，监管部门将分析结果通报美团、饿了么以及百度外卖等相关网络订餐平台，督促进行自查整改，发现整改不到位的，依据相关规定进行查处。,　　同时，数据分析结果也将推送给有关地区市场监管部门，执法人员以此为依据实现精准排查，及时发现无证从事网络订餐活动，以及持证入网餐饮服务单位不能持续符合许可条件，或是食品加工操作不规范、存在严重食品安全隐患等问题。,　　大连以网管网，用动态化的线上监控来弥补线下检查的疏漏不足，运用互联网思维，定新规矩做好事前监管，将食品安全隐患一网打尽。,　　,　　长海海参是大连长海县著名特产，是全国首例海产品地理标志证明商标。目前，该县基于二维码技术，建立起“长海海参”质量追溯系统，实现海参从苗种投放、捕捞、生产到检验、出库销售等全产业链各环节“正向可追踪，反向可追溯”。消费者凭产品包装上的二维码可查询到商品信息详情，逐步形成“长海海参”货真价实、质量安全的“市场信誉身份证明”。,　　大连市金普新区积极研发市场销售食用农产品安全智慧监管系统，充分发挥了食品安全快速检测系统、网络监管系统作用。目前，开发区农副产品批发市场、金州金发地农副产品批发市场对食品快速检测室进行了升级改造，智慧监管系统已建成并投入运行，市场配备先进快速检测设备，具有网络连接功能，实现了交易市场快速检测室、市场监管所与市场监管局三者间“互联直通”。,　　,　　学生餐食品安全一直是备受社会关注的重点问题，学生餐的质量好坏直接关系到千千万万个家庭。截至目前，大连市长兴岛经济区的10所公立学校、幼儿园食堂已全部安装“北方千里眼”电子监管系统，实现了通过手机App或电脑即可24小时远程监控学校食堂生产加工、学生就餐全过程。,　　记者从长兴岛经济区市场监管局的智能监管指挥中心了解到，“北方千里眼”电子监管系统主要功能是通过在学校食堂的加工间、预处理间、烹调间、原辅材料库、餐厅等部位安装电子监控摄像头和传输设备，将图像信息传输至监管终端，实时进行监控。同时，监控信息可长期保存，也可即时进行电子拍照取证。“北方千里眼”电子监管系统的开通使用，有效解决了执法人员数量少、监管任务重的矛盾，强化了学校领导抓好食品安全的责任意识和从业人员的自我约束。",c_1123178328, 2018-07-26 08:5,"
大连：“以网管网”智能监管食品安全-新",http://www.xinhuanet.com/food/2018-07/26/c_1123178328.htm
 新华网,"　　新华网北京1月31日电（刘文婷）1月30日，一段“张家界天子山麦当劳店门外挖雪制作咖啡牛奶”视频在网络流传并引发热议。拍摄者杨先生称，29日中午，他发现麦当劳店员在室外挖雪，然后倒进餐厅操作台的容器中，疑似用雪水制餐饮。31日，麦当劳方面向新华网表示，经查了解到，实为员工融化雪水用于餐厅保洁而非食品制作。,　　杨先生表示，当日中午，他发现麦当劳店员在室外的地面上挖雪，然后倒进了餐厅操作台的容器中，同行朋友用餐后，不同程度出现腹泻等症状。不过，他也表示，并未亲眼看见餐厅的员工用雪融化的水制作咖啡、牛奶等餐饮。,　　31日，麦当劳方面向新华网表示，关于张家界天子山麦当劳餐厅的投诉事件，麦当劳高度重视并迅速展开内部调查。经其调查，员工凿冰是待冰雪融化后用于餐厅保洁，并非用于食品制作。此外，公司非常关注顾客的身体状况，希望尽快与其取得联系以了解具体情况。 ",c_1122348202, 2018-01-31 16:0,"
麦当劳否认用雪水制餐饮 称实用于保洁-新",http://www.xinhuanet.com/food/2018-01/31/c_1122348202.htm
 经济日报,"　　国家食品药品监督管理总局、公安部日前联合出台《关于加大食品药品安全执法力度严格落实食品药品违法行为处罚到人的规定》。规定要求，各级食品药品监管部门、公安机关要严格落实党中央关于食品药品安全“四个最严”的要求，充分认识加大食品药品安全执法力度严格落实食品药品违法行为处罚到人的重要意义，进一步加大对违法行为的惩治力度，确保公众饮食用药安全。,　　规定明确，严格落实自然人法律责任。个人从事违法行为的，依法追究个人的法律责任；单位从事违法行为的，除对单位进行处罚外，还要依法追究直接负责的主管人员和其他直接责任人员的责任。直接负责的主管人员是在单位实施的违法行为中起决定、批准、授意、纵容、指挥作用的主管人员。其他直接责任人员是单位违法事实中具体实施违法行为并起较大作用的人员，既可以是单位的生产经营管理人员，也可以是单位的职工。",c_1122350795, 2018-02-01 08:1,"
两部门出台规定要求：食药品违法行为处罚到人-新",http://www.xinhuanet.com/food/2018-02/01/c_1122350795.htm
 新华网,,c_1121449989, 2017-08-08 14:3,"
完美获颁“母亲邮包”公益项目企业贡献奖-新",http://www.xinhuanet.com/food/2017-08/08/c_1121449989.htm
 南方日报,"“公益快闪”活动中，完美工作人员给顺丰快递员送去清凉大礼包。,　　“完美小休站”已经成功运营3年，拥有127家站点，分布于广州各个区。如何创新传播形式，让更多人知道“完美小休站”，让“完美小休站”惠及更多人群？这是完美（中国）有限公司广东分公司总经理员鹏一直在思考的问题。基于对这一问题的思考，今年“完美小休站”的启动采用了“公益快闪”的形式，完美员工走上街头给户外劳动者送上清凉大礼包，希望通过这一形式呼吁公众关爱在恶劣天气下仍坚持在一线岗位的劳动者。,　　,　　“您辛苦了，这是完美准备的一些防暑物品，请收下。您需要休息的话可以来附近的‘完美小休站’。”在广州大道上，完美的一名员工正将清凉礼包递给顺丰快递员。此刻，时间已经接近中午11时半，这位顺丰快递小哥正在发短信通知收件人来领取快件。,　　“中午是我们最忙的时候，因为要趁着大家吃午饭的时间分发快件。”这位顺丰快递员告诉笔者，他们一般在早晨5时半就要去仓库取出快递，8时半左右到达派件点，因为大家取件的时间不一，要一直在户外呆到晚上8时，而中午最热的时候正是工作最忙的时候。快递小哥一边扫描快件，一边将快件封口，额头的汗珠没空擦，工作服也已经湿透了。,　　在“快闪”的过程中，还有一位外卖员让参与活动的完美员工印象深刻。“我们的工作时间一般从上午10时开始，在外面奔波送餐，直到下午2时才有时间吃饭。接着临近午饭点，暑气还没消就又得出发了。”外卖员小方是1993年出生的人，他手上戴着防晒的袖套，露出的手腕明显要比胳膊黑。,　　“走上街头才会真正知道平常接触的外卖员、快递员的辛苦。我们组织‘快闪’不是想博人眼球，而是让员工置身于户外工作者的工作环境中去，体会其中的辛苦，从而提升‘完美小休站’的服务。另一方面也是想呼吁公众关爱身边的户外工作者。”完美相关负责人表示。,　　,　　“‘完美小休站’是一年四季都为户外工作者服务的，夏天可以进来喝水乘凉，冬天可以用微波炉热饭。”在完美（中国）有限公司广东分公司总经理员鹏眼里，“完美小休站”是会一直坚持下去的公益项目，“公益快闪”的意义也在于让“完美小休站”动起来，惠及更多的人群。,　　“‘完美小休站’原本是为了解决环卫工人休息难、饮水难、如厕难的问题发起的，以前来这里休息的主要也是负责某一街道清洁的环卫工人，服务的范围很有限。”员鹏表示。据阿里研究院和菜鸟网络发布的《全国社会化电商物流从业人员研究报告》显示，截至2016年，中国快递小哥的数量已经超过203万人，正是由于行业从业者数量变化和相关社会议题不断出现，完美公司希望将“完美小休站”的服务范围扩大到外卖小哥、快递小哥等人群。,　　完美公司在公益领域一边扎实推进项目时一边也在不断思考着如何进行创新。20多年来，公司倾情捐助各项社会公益事业，其范围涉及希望工程、西部开发、慈善救灾、环境保护、体育医疗、文化艺术和拥军优属等领域，逐步形成了以捐建希望小学暨发起希望教师工程、推广母亲水窖、倡导无偿献血、参与慈善万人行、支持华文教育、推动禁毒事业等为主体的慈善公益体系项目，在这个过程中，完美不断尝试通过公益影像节、爱心义卖、直播等形式扩大公益影响力。,　　事实上，创新公益给人们带来的是理念、手段、方式的转变，通过推动更多企业、公益组织、公益人士以及明星等各类型资源参与进来，聚合促成公益与商业价值双赢的公益行动，“完美小休站”此次“公益快闪”的尝试展示了企业对创新公益价值的洞察。",c_1123121644, 2018-07-13 11:3,"
“完美小休站”创新公益传播新形式-新",http://www.xinhuanet.com/food/2018-07/13/c_1123121644.htm
 人民日报,"　　党的十九大报告提出，实施乡村振兴战略总的要求是产业兴旺、生态宜居、乡风文明、治理有效、生活富裕。产业兴旺是重点，生态宜居是关键，产业与生态的有机结合，为乡风文明、治理有效、生活富裕提供重要支撑。推进产业生态化和生态产业化，是深化农业供给侧结构性改革、实现高质量发展、加强生态文明建设的必然选择。,　　随着人们对美好生活的需要不断增长，农业农村作为产业和生态的重要载体，其地位更高、作用更大。城乡居民不仅需要农业提供种类更多、品质更高的农产品，而且还需要农村更清洁的空气、更干净的水源和更怡人的风光。,　　农业农村是一个完整的自然生态系统。尊重自然规律，科学合理利用资源进行生产，既能获得稳定农产品供给，也能很好保护和改善生态环境。比如，传统的“桑基鱼塘”农业模式、浙江青田稻鱼共生系统、云南红河哈尼稻作梯田系统、贵州从江侗乡稻鱼鸭复合系统等等，都是这方面的成功典范。,　　生态保护与产业发展是密不可分的，没有生态资源作为依托，产业发展就是无源之水；没有产业发展作为支撑，生态保护也难以持久。产业生态化与生态产业化相辅相成、和谐共赢，有效降低资源消耗和环境污染，还能提供更具竞争力的生态产品和服务，实现环保与发展双赢的目标。,　　近年来，我国积极推进化肥农药零增长行动，实行种养加循环和农业废弃物综合利用，逐步把农业资源消耗的强度减下来，取得较大进展。同时，一些地方依托优质资源，供给绿色有机农产品、提供农耕文化体验、生态宜居和休闲养生旅游产品，生态产业发展势头良好。去年，全国乡村旅游达25亿人次，同比增长19%；消费规模超过1.4万亿元，同比增长27%。可以说，农业农村产业生态化和生态产业化趋势向好。,　　但是，很长时期以来农业粗放式发展，农业农村资源集约化利用程度不高，未能很好实现生态、经济和社会效益有机统一。目前，我国农村产业生态化和生态产业化总体发展水平和质量都不高。我国农业生态产业规模小、成本高、竞争力不强，“生态+”的业态尚未有效形成。我国产业生态化和生态产业化有很大发展潜力。我们需要努力释放这些潜力。为此建议：,　　改造提升农村传统产业，提高生态化水平。促进产业融合，延伸产业链，提高农业产品附加值；拓展功能融合，有效挖掘农业的多功能领域，为市场提供多元的产品供给。加速主体融合，加快培育新型农业经营主体，发挥好其引领带动作用，把小农户吸引到现代农业发展中来。,　　改善农业生态系统，增强可持续发展能力。明确保护生态环境的底线要求，转变粗放的发展方式，最大程度减少资源消耗，恢复和提升农村生态环境。同时，通过环保监督、生态恢复、生态产品标识认证等公共服务，对生态产品和生产全过程的生态性实施有效管理。,　　拓展“生态+”模式，做大做强生态产业。注意发掘和拓展农业在历史传承、文化体验、生态保护等方面的多功能属性，把农村农业的生态价值充分释放出来。加强生态产品科学规划设计，健全生态产品和服务的技术支持体系，实现传统产业产品的改造升级。,　　加强政府配套服务，强化顶层设计。在国家层面出台促进产业生态化和生态产业化的指导性意见，明确财政、税收、土地、金融等支持政策，加大对产业融合发展的支持，加大对绿色生态农业及其产业的支持，促进农业资源可持续利用，增强农业产业的整体竞争力。要加强生态产业市场秩序监管，制定生态产品和服务的统一标准规范，实行标准化生产和全过程化控制，保障产品和服务质量。",c_1122601110, 2018-03-28 08:5,"
乡村振兴，生态和产业要融合-新",http://www.xinhuanet.com/food/2018-03/28/c_1122601110.htm
,,cqdt,,茶区动态_新华茶业,http://www.xinhuanet.com/food/cqdt.htm
,,bgt,,曝光台_新华茶业,http://www.xinhuanet.com/food/bgt.htm
 新华网,"　　4月19日，由完美（中国）有限公司北京分公司、中国共产党完美北京分公司党支部联合北京市房山区绿化委员会、云居寺绿化指挥部发起举办的“第六届百店千人义务植树共建完美林”活动在北京市房山区举办。,　　活动现场，北京市房山区绿化委员会副主任何庶民表示：“植树造林，绿化祖国改善生态环境是一项利国利民的伟大事业。希望大家在这一次植树造林活动中既履行了植树义务，又从植树活动中找到了快乐、愉悦了身心、锻炼了身体。”北京分公司刘斌总经理也表示认同，他说：“植树活动是千年大计，植树造林造福子孙是我们每一个人的义务，也是我们心怀情操的体现。”,　　本次义务植树活动，完美（中国）有限公司北京分公司组织北京地区百家店铺义务植树达500余棵。截止目前，北京分公司在京义务植树共计9600余株。,　　为表彰完美公司对房山区植树造林工作的鼎力支持，何庶民代表房山区绿化委员会授予完美（中国）有限公司北京分公司“社会义务植树先进单位”荣誉牌匾，完美北京分公司党支部“社会义务植树先进单位”荣誉证书以及捐赠树苗100株以上的完美店铺荣誉证书。,　　据了解，完美（中国）有限公司北京分公司自2012年4月举办“首届百店千人义务植树共建完美林”迄今已经成功举办六届，在北京荒山造林逾百亩。完美（中国）有限公司北京分公司、中国共产党完美北京分公司党支部方面表示，通过发起、组织大规模的义务植树活动响应完美（中国）有限公司总部绿色环保的企业发展理念，希望通过义务植树这一行动呼吁、带动更多社会力量都能积极投身植树造林活动中，为环境保护做出应有的贡献。,　　",c_1120845235, 2017-04-20 15:3,"
“第六届百店千人义务植树共建完美林”活动在京举办-新",http://www.xinhuanet.com/food/2017-04/20/c_1120845235.htm
 新华网,"　　3月19日至20日，由国务院侨务办公室和陕西省人民政府共同举办的“侨爱工程――情系延安”项目签约及启动仪式分别在西安和延安举行。国务院侨办主任裘援平、副主任郭军，陕西省委书记娄勤俭、省长胡和平等领导，与热心公益事业的海外侨胞、港澳同胞共同见证了该项目。完美（中国）有限公司董事长古润金受邀出席系列活动。,　　“侨爱工程――情系延安”签约仪式,　　裘援平表示，陕西是中华民族和中华文明的重要发祥地之一，延安是中国共产党侨务工作的发源地，海外侨胞和归侨侨眷与陕西有着特殊的感情和联系。海外侨胞始终牵挂着陕西、延安人民，希望能够为革命老区民生事业改善和经济社会发展出一份力量。,　　“侨爱工程――情系延安”项目，是国务院侨办发挥侨务资源优势，引导和服务海外侨胞、港澳同胞积极参与革命老区建设，改善民生，助力脱贫攻坚的工程，通过搭建工作平台引导侨胞参与捐赠国内慈善事业。近五年来，各级政府侨务部门受理侨胞捐赠款物超过150亿元人民币，全部用于扶贫济困、奖教助学、灾后重建、医疗卫生等民生项目。,　　作为全国明星侨资企业，近年来，完美公司积极参与国侨办主办的“侨爱工程”系列活动，为社会公益事业积极贡献力量。2016年4月，四川雅安“4.20”地震三周年之际，国务院侨办举办“感恩侨爱――四川雅安芦山地震灾后重建巡礼”主题活动，中国侨商投资企业协会常务副会长古润金作为爱心侨胞代表出席系列活动。2016年9月，国务院侨办、中国海外交流协会联合举办“为侨服务日”系列活动，古润金受邀出席活动并代表公司捐赠善款1000万元，用于弘扬中华文化、发展华文教育事业。,　　本次在延安开展的“侨爱工程”项目活动，让爱心侨胞与老区人民的心紧紧连在一起。此行，古润金等人还参观了延安地区革命旧址。延安对完美公司20载公益事业来说，具有特殊的意义。1997年，完美公司在延安捐建第一所完美希望小学，从此与希望工程结下不解之缘，截至目前，完美公司向中国希望工程项目捐款总额逾1亿元，捐建的100多所完美希望学校遍布全国各地。,　　",c_1120716023, 2017-03-29 10:3,"
“侨爱工程―情系延安”活动启动 完美公司董事长古润金出席-新",http://www.xinhuanet.com/food/2017-03/29/c_1120716023.htm
 新华网,,c_1120788320, 2017-04-11 14:1,"
完美公司荣获中国妇女儿童慈善奖-新",http://www.xinhuanet.com/food/2017-04/11/c_1120788320.htm
 新华网,"　　6月30日，2016年广东扶贫济困日活动在广州举行，活动现场公布了2016年度广东扶贫济困红棉杯获得者名单，完美公司凭借2016年对广东扶贫济困事业的突出贡献，再次被授予“广东扶贫济困红棉杯金杯奖”。,2016年扶贫济困日活动中，完美公司捐赠善款1000万,　　广东扶贫济困日活动在广东省内外产生了广泛影响，取得了良好的社会效益，每年都涌现出一大批具有社会责任感、乐于奉献的爱心企业及人士，为改善民生、促进和谐发挥积极作用。此次活动中，完美公司捐赠善款1000万元，帮助广东省贫困人口加快脱贫致富步伐，为广东打赢“精准扶贫、精准脱贫”攻坚战作出重要贡献。,完美公司支持广东南雄扶贫济困工作,　　过去一年，完美公司积极支持广东省扶贫济困工作。在完美公司的大力支持下，南雄市珠玑镇启动了完美文体广场、完美公园、光伏发电工程等民生及产业建设项目。同时，完美公司还助力乐昌廊田村、罗定合江村、梅州福岭村、揭阳北良村等村容村貌改造、产业帮扶、教育助学等项目。持续不断的善举，有力地提高了贫困农村的基本公共服务水平，提升村民幸福指数。 ,　　“十三五”期间是中国全面建成小康社会的决胜阶段，也是扶贫开发攻坚拔寨的冲刺阶段。完美公司将一如既往与社会各界携手并肩，发扬博爱精神、履行社会责任，为广东省扶贫济困工作贡献更多力量，为广东率先实现小康社会献策、出力！",c_1121390450, 2017-07-27 16:3,"
广东扶贫济困红棉杯再次花落完美-新",http://www.xinhuanet.com/food/2017-07/27/c_1121390450.htm
 新华网,"　　,
,　　,　　新华网北京7月27日电（曹晨）7月27日，2018中国食品辟谣论坛在北京举行。会上，新华网董事、常务副总裁魏紫川表示，科普教育是抵制食品谣言的关键。2018年，中国食品辟谣联盟聚焦大市场监管体系下食品谣言的防控与治理，对食品谣言研判、规律、特点分析，建立了谣言案例库，对辟谣事件进行剖析，聚焦如何更有效地开展食品辟谣的宣传工作。,　　截至2018年6月，中国食品辟谣网、新华网发布及转发相关食品科普信息累计近4000条。,　　魏紫川进一步表示，中国食品辟谣联盟工作主要围绕以下几方面开展：,　　首先，联盟定期发布食品辟谣权威信息。针对公众反映食品安全的各方面消息，第一时间求证权威专家，发布权威信息，为消费者、生产者、监管部门之间架起沟通的桥梁，及时回应社会关切、对打击食品谣言、减少行业损失具有现实意义。,　　其次，及时开展线下辟谣活动。第一时间深入涉事企业，针对谣言内容进行现场调研，以客观事实回击谣言，让消费者走出误区。同时，联盟还将联合食品企业，开展走进“透明工厂”等公益活动，增强消费者近距离看到食品生产的过程，通过了解食品加工过程，提高消费者信心。,　　此外，辟谣联盟将开展多项关于食品生产、加工、运输、储存等多方面的科普活动，消费者辨别食品谣言的能力。,　　最后，辟谣联盟的预警处理系统为广大消费者提供便捷、权威的谣言查询及科普平台的同时，通过全网监测、及时报警和联合处置，为广大企业提供一套处理谣言的快捷解决方案。,　　据了解，为推动食品行业健康发展，2015年8月，原食药监总局、农业部、质检总局、国家网信办联合新华网成立了中国食品辟谣联盟。截至2018年6月，中国食品辟谣联盟共举办了12次专项落地活动，发布了60余条权威辟谣信息，邀请500余家（次）媒体参与食品辟谣活动。中国食品辟谣网、新华网发布及转发相关食品科普信息累计近4000条，对食品行业、消费者群体乃至整个社会产生了积极影响。",c_1123187334, 2018-07-27 17:0,"
魏紫川:中国食品辟谣联盟三举措推进食品谣言治理-新",http://www.xinhuanet.com/food/2018-07/27/c_1123187334.htm
 郑州晚报,"　　日前，中山市人民医院举行“慈爱基金”签约及启动仪式。完美（中国）有限公司向中山市人民医院“慈爱基金”捐赠100万元，用于扶贫济困，救助社会贫困患者。完美公司董事长古润金代表公司向市人民医院院长袁勇移交捐赠支票。,　　据了解，由于经济困难、突发灾祸、孤老病残等原因，社会弱势群体得不到有效的医疗保障，为此，中山市各界爱心团体和贤达人士希望筹集资金，对贫困病患进行资助，减轻困难群众看病就医的负担。中山市人民医院“慈爱基金”由此孕育而生，它的成立将有力汇聚社会爱心，促进医疗公益事业的发展，提升人民群众健康水平，从而造福社会。,　　据悉，“慈爱基金”是人民医院在中山市率先成立的医院公益基金，隶属中山市慈善总会，将秉持透明、诚信的原则，严格遵循救助标准，接受社会各界监督。“共建共享、全民健康”是《健康中国2030规划纲要》的战略主题。通过“慈爱基金”的平台，医疗机构将与社会公益力量以爱联姻，进一步促进疾病救助、医疗事业的发展，共同建设“健康中山”、“健康中国”。,　　作为一家扎根中山、深耕中国的侨资企业，完美公司一直秉持孙中山先生的博爱精神，不遗余力支持中山市慈善事业，涉及医疗、教育、扶贫、文化、体育等多个公益领域。,　　据了解，早在1994年公司成立之初，在尚未盈利的情况下，就捐赠第一笔善款10万元，用于支持中山市博爱医院的建立。在随后20多年里，完美公司董事长古润金带领着企业长期坚持投身社会慈善事业，截至目前，各类捐款、捐物金额逾6亿元人民币。",c_1123120720, 2017-05-22 09:5,"
完美公司古润金为爱代言 向“慈爱基金”捐赠100万元-新",http://www.xinhuanet.com/food/2017-05/22/c_1123120720.htm
 新华社,,c_1122959945,,"
山东烟台樱桃产业助力乡村振兴-新",http://www.xinhuanet.com/food/2018-06/09/c_1122959945.htm
 中国新闻网,"　　中新社发 李晨韵 摄,　　记者12日从中国公安部获悉，近期，在公安部统一指挥下，河北、湖南等11个省区市公安机关会同当地食药监管部门成功破获一起特大利用互联网制售有毒有害食品案，摧毁一个覆盖全国的庞大犯罪网络，抓获颜某等犯罪嫌疑人76名，打掉涉嫌非法经营犯罪的化工厂1个，制售有毒有害食品的黑窝点、黑工厂22个，查获有毒有害食品15万盒、化学原料1.3万公斤、制假流水线4条、生产设备27台，全案涉案金额达12亿元(人民币，下同)。,　　2016年6月，河北承德公安机关接到群众举报称，服用从某电商平台“仁合胰宝企业店”购买的“仁合胰宝”后出现严重不适。该食品送检后，检出国家明令禁止添加的违禁物质盐酸苯乙双胍。接到河北公安机关报告后，公安部高度重视，要求全面摸清犯罪网络、打掉制假源头、全链条摧毁销售网络。期间，公安部接到湖南省公安厅报告，怀化市公安局正在侦办一起互联网销售“仁合胰宝”案件。,　　经研判分析，两起案件指向同一制假源头，公安部决定并案侦查。,　　经查，山东曲阜某化工公司负责人颜某组织人员违法生产盐酸苯乙双胍、盐酸二甲双胍等国家明令禁止在保健食品中添加的降糖类高纯度原料药，以化工产品或医药中间体名义非法销售给生产有毒有害食品或假药的黑工厂、黑作坊。涉案“仁合胰宝”每盒生产成本不足5元，“出厂价”12元，批发价40元，电商平台零售价125元，线下店铺零售价高达300元，犯罪链条各个环节均存在暴利空间。,　　据介绍，向食品中非法添加化工原料、西药成分的犯罪活动一直是警方打击的重点，此类食品药品、保健品，因其非法添加西药，往往在短时间内有明显“治疗”效果，欺骗性很强，但由于非法添加的西药成分未经科学配比，存在很大安全隐患，严重危害民众身体健康。,　　2017年7月以来，按照国务院食品安全办统一部署，公安部积极会同食药监管总局等9部门开展食品、保健食品欺诈和虚假宣传专项整治行动。截至目前，各地共破获此类犯罪案件4100余起，抓获犯罪嫌疑人6700余名。,　　公安部相关负责人表示，针对一些化工企业非法经营、提供有毒有害非食品原料的问题，公安机关在依法严厉打击的同时，将积极推动政府相关部门完善法律政策、强化源头管控，有效堵塞漏洞，切断非法化工产品流向食品药品领域的通道。(记者 张子扬)",c_1122411626, 2018-02-13 08:4,"
中国公安部指挥侦破特大网络制售有毒有害食品案-新",http://www.xinhuanet.com/food/2018-02/13/c_1122411626.htm
 新华社,,c_1122400592,,"
“欢乐春节――行走的年夜饭”飘香洛杉矶-新",http://www.xinhuanet.com/food/2018-02/11/c_1122400592.htm
 国家食品药品监督管理总局,"　　春节期间食品购销两旺，保障食品安全尤为重要。为贯彻落实党中央、国务院部署要求，2月8日，国务院食品安全办主任、国家食品药品监管总局局长毕井泉带队赴北京检查节日期间食品安全保障工作。,　　毕井泉一行现场查看了商场超市的食品安全保障情况，重点查看节日食品采购、进货、供应、追溯等情况，了解商场超市落实保障食品安全主体责任的具体措施，询问“放心肉菜”超市创建进展及其效果。到基层食品药品监管所看望慰问一线监管人员，听取了节日期间食品安全监督抽检和日常检查情况介绍，随机抽取了现场检查记录和监管档案，详细询问了现场检查项目和对违法行为的处罚情况。检查期间，毕井泉与北京市食品药品监管部门、食品生产经营单位有关同志进行了座谈交流，认真听取意见建议，对北京市食品安全工作以及食品生产经营企业做出的努力给予了充分肯定。,　　毕井泉指出，做好北京的食品安全工作具有特殊重要意义，在市委市政府高度重视和正确领导下，各级监管部门为保障首都食品安全做了大量艰苦细致的工作，健全监管体系，加强现场检查，以“双安双创”为抓手，建设“放心肉菜”超市、推进“阳光餐饮”，落实企业主体责任，建立区域协同机制，夯实监管工作基础，守住了底线，保障了安全。在北京这样一个85%以上食品由外埠供应的特大消费城市，实属不易，充分体现了首善标准。,　　毕井泉强调，人民群众日益增长对美好生活的需要给我们的工作提出了许多新的更高要求。目前食品安全还存在不少风险隐患，监管工作面临很大的挑战。认真贯彻党的十九大精神，坚持以习近平新时代中国特色社会主义思想为指引，坚持以人民为中心，进一步增强忧患意识，及时排查化解风险，坚决守住不发生重大食品安全问题的底线，确保人民群众“舌尖上的安全”。监管部门要落实好监管者的责任，围绕节令食品，聚焦突出问题，紧盯重点区域，强化现场检查，严把“从农田到餐桌”的每一道防线；严把种养环节投入品使用关，强化农药兽药购销、使用管理，切实防范农药兽药残留超标风险；严把生产加工质量安全关，加大对生产企业现场检查力度，督促企业落实风险管控要求；严把市场准入关，鼓励“放心肉菜”超市创建，加强产品抽检，严厉查处违法违规行为；开展餐饮业质量提升行动，鼓励“明厨亮灶”，尤其是督促餐饮企业确保节日聚餐和“年夜饭”安全，督促网络订餐保证“线上”“线下”餐饮质量标准一致；加快建立职业化检查员队伍，强化专业技能培训，提升监管能力；加强应急值守，发现问题及时调查处置；严厉打击食品、保健食品消费欺诈、虚假宣传以及网络谣言。,　　毕井泉要求，企业是食品生产经营主体，也是保障质量安全的责任主体，要加强质量安全控制体系建设，严格执行良好生产经营操作规范，强化过程控制和日常管理。严格落实进货查验和索证索票措施，确保销售的食品来源可查、去向可追。发生食品安全问题，企业要在第一时间采取处置措施，公开处置信息，召回不合格产品，落实首负责任。地方各级党委政府要加大对食品安全工作支持力度，落实好“党政同责”要求，严格履行属地管理责任。,　　近日，按照统一部署，农业部、食品药品监管总局有关负责同志分别带队赴江苏、山东等地区，抽查了节日期间食品安全保障工作，对春运期间铁路食品安全也进行了督促检查，确保人民群众过一个安乐、祥和的春节。",c_1122402257, 2018-02-11 11:3,"
毕井泉：严把“从农田到餐桌”每一道防线，确保人民群众过一个安乐、祥和的春节-新",http://www.xinhuanet.com/food/2018-02/11/c_1122402257.htm
 新华网,"　　新华网中山6月28日电（王忻）6月28日，“中山市大病困难帮扶中心暨中山市完美慈善帮扶中心”揭牌仪式在中山市慈善总会举行。中山市委副书记、市长焦兰生，中山市政府秘书长、办公室主任李俊，完美（中国）有限公司董事长古润金，中山市民政局局长沈名晓等出席活动，并为帮扶中心揭牌。,　　“辛辛苦苦几十年，一病回到解放前。”对贫困群众来说，一场大病就是一场灾难。让每一个人、每一个家庭不再因为疾病而陷入困境和绝望，是扶贫攻坚战中的“坚中之坚”。据中山市民政局调研发现，该市家庭困难的原因超过90%是由于大病造成的。为努力破解因病致贫、因病返贫这一难题，中山市今年将“帮扶大病群体”列入政府工作报告十项民生实事之一。,　　中山市民政局局长沈名晓表示，目前，中山市实施重/特大疾病医疗救助，平均每年救助困难群众约1.2万人次1200万元，已解决个人负担费用约70%，但仍有近30%约500万元由个人负担，有的少则几千元，多则几十万元，这对困难群众是很大的负担。为此，市民政局提出筹建帮扶中心的思路。,　　完美公司总经理赵建红表示，完美公司自1994年成立以来，始终秉承“取之社会，用之社会”的公益理念，将公益慈善和经营发展融为一个有机整体，并希望与更多有实力和慈善共识的企业同舟共进，向社会传递公益正能量，履行社会责任，共同打造帮扶中心的优质服务平台，实现帮扶中心创建“民心工程”的夙愿。,　　据介绍，中山市大病困难帮扶中心暨中山市完美慈善帮扶中心是由市民政局、市慈善总会、完美（中国）有限公司共同搭建，由完美（中国）有限公司首年定向捐赠300万元发起设立专项帮扶基金。中心融困难居民重/特大疾病医疗救助、临时困难救助、慈善救助为一体，通过临时困难救助，实现双低家庭对象大病患者自付费用限额内100%补贴；自费费用补贴提高到限额以内90%以上，普通困难支出型的自费和自付费可以达到80%以上。,　　今年4月18日，帮扶中心进入试运行阶段。仅用了2个多月的时间，即完成了人员招聘、场地装修，制定了救助办法和审批流程各项工作，从申请受理到救助款入账只需5个工作日。目前，中心共救助大病困难群众94人次，发放救助金总计195.73万元，其中重/特大疾病医疗救助130多万元，市级临时救助7万多元，专项慈善救助58万元。",c_1123050315, 2018-06-28 15:3,"
完美公司助力打造中山市帮扶中心-新",http://www.xinhuanet.com/food/2018-06/28/c_1123050315.htm
 新华网,规范保健品市场 强化企业责任意识对话现场,c_1123187387, 2018-07-27 17:1,"
规范保健品市场 强化企业责任意识对话现场-新",http://www.xinhuanet.com/food/2018-07/27/c_1123187387.htm
 北京晚报,"　　据北京市食药监局昨天透露，2018年将参照供港模式，研究制定食品供应的“北京标准” ，本市将同20家外埠主要供京农产品基地进一步完善产销衔接机制，探索建立“基地直供、企业直销、全程可溯、标准管理”的新模式，让市民的“菜篮子”更丰盛、更安全。,　　市食药监局公布的数据显示：2017年，全市食品监测样本15.7万件，其中列入国民经济和社会发展指标的大米、小麦粉、食用植物油、猪肉、蔬菜、豆制品等重点食品的抽检合格率达到99.2%；抽验药品、医疗器械、化妆品样本1.5万件，合格率99.9%。未发生大的食品药品安全事故。,　　市食药监局先后组织开展了乳制品和肉制品兽药残留、白酒和食用植物油、冷链即食、复配营养强化剂、膨化食品等重点食品和学校及校园周边餐饮单位专项整治。开展无菌和植入性医疗器械监督检查、医疗机构在用医疗器械检测和医用耗材专项整治等。2.18万家餐饮服务单位完成“阳光餐饮”工程建设，建成“阳光餐饮”示范街（区）53条。,　　市食药监局2017年对全市143家食品生产企业实施GMP（良好生产规范）检查，121家企业通过HACCP认证。开展药品经营企业GSP（良好经营规范）跟踪检查、飞行检查，对违反质量规范要求的依法从严处理，收回3家药品零售企业GSP证书，对发现违法行为的3家医疗器械经营企业立案调查。,　　据悉，《北京市医疗器械监督管理办法》已完成立项论证报告。另外，263个药品品种纳入药品上市许可持有人制度试点范围；为缓解儿童用药不足，批准27种儿童用制剂在本市28家专科和综合性医疗机构调剂使用。,　　市食药监局表示，2018年本市将在200家商场超市建立精致优质食用农产品专区专柜，满足消费者个性化需求。同时优化药品配送方式，引导本市大型药品批发企业为基层医疗机构提供“点对点”配送服务。根据城市总体规划和社区居民安全用药需求，增加药品零售网点，推动连锁经营企业合理布局，完善药品信息网络，提供网络配送和上门服务，进一步满足居民“一刻钟生活圈”需求。充实完善药品储备品种，扩大临床急需药品目录，将抢救药、急救药、短缺药、儿童药、老年药等临床急需药品纳入储备体系。",c_1122416673, 2018-02-14 08:1,"
北京市食品供应将制定“北京标准”-新",http://www.xinhuanet.com/food/2018-02/14/c_1122416673.htm
 新华网,"　　新华网北京2月7日电（刘文婷）近日，国家食药监总局与中国科协合作框架协议签订仪式在中国食品药品检定研究院举行。两部门将在落实食品药品科普政策、加强人才队伍、科普场馆和科普资源建设、实施“互联网+食品药品安全科普”行动等方面开展一系列实质合作，并通过建立领导小组等工作机制，持续推动合作取得实效。,　　此次两部门签署的合作框架协议，是深入贯彻落实党的十九大精神，共同推进“十三五”时期我国公民科学素质建设、国家食品药品安全规划各项重点目标任务落地见效的重要举措。,　　国家食药监总局副局长尚勇致辞时表示，党中央、国务院高度重视食品药品安全问题，各级食药监部门坚决贯彻落实国家决策部署，坚持“四个最严”，正在全力严守人民群众的饮食用药安全。但必须清醒认识到，食品药品安全形势依然严峻，影响人民生活健康的问题依然突出。食品药品安全问题影响力大、覆盖面广，特别是各种食品药品安全网络谣言对从业者、消费者造成很大伤害，食品药品安全科普宣传迫在眉睫。,　　尚勇表示，国家食药监总局与中国科协签订合作协议，围绕食品药品科普宣传开展强强联合，对进一步扩大食品药品安全科普影响力、传播力将发挥重要作用。他们将利用好其“互联网+科普”平台和渠道资源，把群众最需要的食品药品科普知识传播出去，把这些满足人民群众美好生活需要的重要内容送到校园、送到社区、送到农村，送到千家万户。,　　“党的十八大以来，各地各部门不断推动全民科学素质工作迈上新台阶，但是全民科学素质发展不平衡不充分的问题还很突出。”中国科协党组副书记徐延豪在会上指出，我国仍需进一步加大动员力度，推动形成全社会关心支持开展科普工作的浓厚氛围。,　　据他介绍，国家食药监总局高度重视食品药品科普工作，通过信息化科普、活动式科普、监管式科普、引导式科普等各种方式，形成了政务网站、“两微一端”、社会媒体专栏、地方官网统筹联动的多层次、多渠道传播矩阵，持续深入地开展食品药品科普宣传工作，全面提升了全民食品药品安全科学素养。通过协议的签署，中国科协将与食药监总局深入构建长效沟通合作机制，拓展食品药品科普传播渠道，全面加强食品药品科普合作，推动新时代公民科学素质建设工作实现新发展。,　　此外，中国食品药品检定研究院院长李波、中国食品科学技术学会理事长孟素荷、中国药学会副理事长兼秘书长丁丽霞代表食品药品专业组织和科技人员在会上发言，均表示将在两部门的业务指导和组织推动下，进一步地发挥优势和专长，推动食品药品安全科普工作再创佳绩。",c_1122380988, 2018-02-07 10:5,"
食药监总局与科学技术协会签约 携力传播食药科学知识-新",http://www.xinhuanet.com/food/2018-02/07/c_1122380988.htm
 经济日报,"　　4月25日，农业农村部举行新闻发布会，介绍了全国春耕生产情况。据介绍，截至4月24日，全国已春播农作物4.41亿亩，完成意向的33.2%，进度同比快1个百分点。,　　“今年春耕生产进展顺利、开局良好，夏粮生产基础较好。”农业农村部种植业司副司长潘文博表示，“从气候、政策、市场等多种因素来看，今年春耕生产呈现三大特点，概括起来是‘优、绿、融’三个字，即种植结构继续调优，生产方式持续调绿，农机农艺深度融合”。,　　,　　粮食产能巩固提升的同时，今年种植意向呈结构调优态势。一是减少无效供给，水稻、玉米面积调减，预计今年水稻意向种植面积4.4亿亩，比上年减少1000多万亩；二是增加有效供给，大豆、杂粮杂豆等紧缺品种面积扩大，预计杂粮杂豆1.4亿亩，增加100多万亩；三是增加高效供给，绿色优质产品面积扩大，强筋弱筋小麦、优质稻谷、“双低”油菜、高蛋白大豆等面积增加。,　　清明节前后我国大部地区出现了强降温天气。据农业农村部小麦专家指导组初步调查，强降温造成小麦严重受冻面积约100万亩。专家会商认为，强降温造成局部地区小麦受冻，但影响总体有限，严重受冻面积不到全国小麦面积的0.3%。小麦生育期长，具有较强的调节能力，只要后期管理跟上，还有可能弥补损失，加上全国大部分地区小麦长势正常，如果后期不发生大范围极端天气，夺取今年夏粮丰收是有基础的。,　　目前，正值春播高峰期，也是夏粮产量形成的关键期。农业农村部表示，为实现稳定和优化粮食生产的目标，将指导各地加强机具调度，搞好整地和适时播种。特别是对一些农时紧、劳动力紧缺的地方，发挥生产性服务组织的作用，开展代耕代种、代育代插等服务，确保播种任务高质量完成。,　,　　今年是“农业质量年”，农业高质量发展离不开绿色转型。农业农村部开展化肥农药使用量零增长行动，推进有机肥替代化肥，大力推进病虫绿色防控和统防统治，选择150个县开展全程绿色防控试点。推进绿色高质高效创建，选择325个重点县开展整建制推进，集成推广绿色生态环保、资源高效利用、生产效能提升的绿色高效技术模式。继续开展耕地轮作休耕试点，试点面积增加到3000万亩，调减华北地下水超采区、西南西北条锈病菌源区及新疆塔里木河地下水超采区的耗水、低产小麦面积。,　　如何减少化肥农药使用量？潘文博认为，要重点抓好“三聚一创”。聚焦重点推进，突出果菜茶等用药用肥大的作物，特别是优势产区、核心产区和品牌基地，集成推广一批绿色高效的技术模式；聚合资源推进，充分利用现有的畜禽粪污资源化利用、秸秆综合利用、黑土地保护利用和果菜茶有机肥替代化肥等项目资金，支持农民积造有机肥，促进就地还田利用；聚集力量推进，构建政府引导、企业主体、多方支持的格局，推进产学研结合；创新机制推进，通过政府购买服务、金融创新等方式，撬动社会资本参与化肥农药使用量零增长行动。,　,　　如何破解农业“用工难、用工贵”“谁来种地、怎么种地”的难题？推进农机化、实现“机器换人”是题中之义。农业农村部预计，春耕期间，全国将投入各类农机具2200万台（套），目前已投入1560多万台。水稻、春玉米、春小麦、春大豆等粮油作物机耕率稳定在90%以上，机播率达到52%。同时，拖拉机卫星导航作业、高速精量播种、插秧同步侧深施肥、无人机植保等新技术广泛应用。,　　据农业农村部农机化司副巡视员王家忠介绍，今年中央财政安排农机购置补贴资金186亿元，已提前下达各省份，各地正陆续启动实施。与往年相比，2018年的购机补贴政策有一些变化。一是全面推行补贴范围内机具敞开补贴。购置补贴范围内的机具，都可以申请补贴；二是拓展了补贴机具资质渠道。除通过农机推广鉴定的产品外，今年可将通过相关部门认证的农机产品作为补贴机具，包括进口农业机械。,　　从去年开始，农业农村部加大了全面机械化的推进力度。王家忠说，今年将重点补齐玉米籽粒直收、甘蔗机种机收、棉花机采等短板环节，再创建100个率先基本实现全程机械化的示范县，引导有条件地区向高质高效机械化升级。",c_1122743949, 2018-04-26 08:3,"
春耕生产开局好 夏粮丰收基础牢-新",http://www.xinhuanet.com/food/2018-04/26/c_1122743949.htm
 中国经济网,"　　记者从国家食品药品监督管理总局获悉，食品、保健食品欺诈和虚假宣传整治工作已在全国各地陆续开展。北京市日前对全市两万多家食品企业和保健食品企业进行摸底排查，查处违法行为500余起，罚没款合计1500余万元。,　　对此，北京市食品药品监管部门加强摸底排查，对全市所有597家食品生产企业、84家保健食品生产企业均进行了监督检查，发现问题企业33家，发现问题产品25批，检查发现问题31条，责令整改15家，已全部完成整改，召回产品6批，无责令停产、吊销许可证的情况。经营环节共检查食品企业21591家、保健食品企业4436家，发现问题企业117家，发现问题产品78批，检查发现问题123条，责令整改51家，已全部完成整改，召回产品8批，无责令停业、吊销许可证的情况。,　　在严查违法行为上，北京市共立案查处违法行为500余起，罚没款合计1500余万元。食品药品监管部门共立案110件（其中移交公安立案查处5件），罚没款合计780万余元，撤销保健食品广告批准文号5个，发现并整治会销窝点40余个。公安部门破获食品保健食品欺诈案件79起，清理非法添加制售窝点68个，刑事拘留36人。工商部门共出动执法人员4019人次，检查广告经营主体4541户，查办违法案件136件，行政指导597件、责令改正242件，罚没款381.4万余元；监测食品保健食品广告26.9万余条，发现并处理涉嫌违法线索1071条次，立案查处165件，罚没款376.1万元。新闻出版广电部门审查广播电台、持证视听网站的食品保健食品广告5000余条，责令相关电台停播8条不符合要求的保健食品广告，“北京时间”全面下线第三方平台发布的违规广告，酷6网删除1193条违规广告，下线有关违规节目9个，关闭有关自媒体账号249个。城管执法部门查处街头无证无照食品摊贩等食品违法行为5298起，处罚1176起，罚款6.4万余元，移送拘留人员2起。,　　近期，北京市食品药品监督管理局组织食品保健食品讲座及宣传活动1200余次，发放宣传品31万余份，受众达52万余人。食品药品监管部门向全市所有保健食品生产企业部署整治工作，讲解保健食品相关法律法规；联合市卫生计生委对全市300余家大中型和重点食品生产企业开展食品安全培训会；工商部门指导2000余家经营者加强对监管法律规范及相关文件的学习、宣传和落实，取得了积极的效果。",c_1122406513, 2018-02-12 09:4,"
北京加强整治保健食品虚假宣传 处理上千条违规广告-新",http://www.xinhuanet.com/food/2018-02/12/c_1122406513.htm
 新华网,"　　新华网北京2月9日电（李楠） 春节将至，购销两旺，为帮助消费者科学理性选购食品和保健食品，防范欺诈和虚假宣传违法违规行为, 国家食药监总局特别提示关注以下三方面：,
,　　一、看销售场所资质。消费者要到证照齐全的正规场所购买产品，特别要注意有没有营业执照和食品经营许可证。此外，通过网络、会议、电视、直销和电话等方式购买产品，也应先行确认资质信息。,
,　　二、查外包装和说明书。仔细查看外包装标签标识产品相关信息，做好“四不”：,　　不购买无厂名、厂址、生产日期和保质期的产品；,
,　　不购买标签上没有食品生产许可证号的预包装食品；,　　不购买标签或说明书中提及可以预防疾病、有治疗功能的产品；,　　不购买标签上没有保健食品批准文号，但声称是保健食品的产品。,
,　　三、辨广告和宣传内容。消费者要科学、理性看待食品、保健食品广告和宣传，凡声称疾病预防、治疗功能的，一律不购买；保健食品广告中未声明“本品不能代替药物”的，一律不要购买；不盲目参加任何以产品销售为目的的知识讲座、专家报告等。,
,　　国家食药监总局建议，消费者如遇食品、保健食品欺诈和虚假宣传问题，可以拨打12331热线电话进行投诉举报。",c_1122395230, 2018-02-09 16:3,"
国家食药监总局发布防范食品、保健食品欺诈和虚假宣传消费提示-新",http://www.xinhuanet.com/food/2018-02/09/c_1122395230.htm
 新华网,"　　新华网北京2月7日电（沈美）近日，一篇自媒体发布的“盐里面加进了亚铁氰化钾”危害身体健康的不实信息在多个社交媒体平台流传甚广。那么，亚铁氰化钾是什么？它真的会对人体造成伤害吗？科信食品与营养信息交流中心食品副主任钟凯接受采访时明确表示，亚铁氰化钾是一种合法的食品添加剂，国产食盐中的亚铁氰化钾长期食用并不会给人体带来伤害。,　　去年6月，关于食盐不安全的谣言就曾在多个自媒体、社交平台流传过。这并不是国产食盐第一次被中伤。当时，中国食品辟谣联盟、中央电视台“调查”栏目对此都进行过深度调查、采访和取证，专家也对此做过详细说明。针对此谣言，中国食品辟谣联盟再次辟谣，以正视听。,　　亚铁氰化钾，俗名黄血盐钾、黄血盐，是一种浅黄色结晶颗粒，其作为抗结剂加入食盐中，作用主要是防止食盐结块。据专业人士介绍，该食品添加剂通过联合国国际食品法典委员会许可，并且我国国家食品添加剂委员会也允许使用。钟凯曾发文表示：我国制盐业在食盐中添加亚铁氰化钾，是严格按照国家卫计委发布的《食品安全国家标准食品添加剂使用标准》（GB2760）执行的，我国食盐安全有保障。,　　对于国外产品不含亚铁氰化钾一说，根据央视去年所做的实地调查结果显示，无论是在国内销售的进口食盐还是国外超市以及外国购物网站销售的洋品牌食盐，大都含有亚铁氰化钾、亚铁氰化钠这样的抗结剂。而且，美国、欧盟、日本、澳大利亚和新西兰等国家和地区均允许使用亚铁氰化钾作为食盐抗结剂。,　　那么，亚铁氰化钾到底对人体有无伤害？根据世界卫生组织和国际粮农组织专家委员会的评估数据，亚铁氰化钾的终生安全剂量是每公斤体重0.025毫克。钟凯表示，如果要造成人健康上负面效应，至少每天，成年人可能要摄入1.5毫克。如果按照我们国家标准规定量来推算，相当于每天要吃3两左右的食盐，而正常人一天的食盐量到20克已经非常咸了。,　　同时，亚铁氰化钾本身化学性质非常稳定，不易分解。值得注意的是，在烹饪过程当中亚铁氰化钾是不会分解出氰化物的。钟凯举例，假设食盐中的亚铁氰化钾在高温的情况下真的分解，要达到让一个成年人中毒的剂量，大概需要一次性吃几十公斤的盐，而这不可能。,　　食盐中的亚铁氰化钾既不是有毒物质，长期食用也不会给人体带来伤害。中国食品辟谣联盟方面表示，抵制谣言，不信谣不传谣，提高食品科学认知水平才是真正保护消费者利益的关键。 ",c_1122382376, 2018-02-07 15:3,"
“食盐含毒”谣言再起 中国食品辟谣联盟：国产食盐安全有保障-新",http://www.xinhuanet.com/food/2018-02/07/c_1122382376.htm
 新华网,"　　新华网北京2月8日电（胡可璐）继2月5日复牌跌停后，獐子岛8日连续四跌停，截止发稿，股价报5.07元，公司总市值跌至36.05亿元。“扇贝去哪儿了”成为獐子岛2017年的反转剧。“扇贝跑了”、“扇贝回来了”、“扇贝又跑了”等说法成为坊间谈资，引发投资者质疑。2月5日，獐子岛发布《关于底播虾夷扇贝2017年终盘点情况的公告》对外披露，扇贝是被饿死的。,　　公告称，经海洋牧场研究中心分析，初步判断降水减少导致扇贝的饵料生物数量下降，养殖规模的大幅扩张更加剧了饵料短缺，再加上海水温度的异常，造成高温期后的扇贝越来越瘦，品质越来越差，长时间处于饥饿状态的扇贝没有得到恢复，最后诱发死亡。,　　公告还称，拟对107.16万亩海域成本为5.78亿元的底播虾夷扇贝存货进行核销处理，对24.3万亩海域成本为1.26亿元的底播虾夷扇贝存货计提跌价准备5110.04万元，两项合计影响净利润6.29亿元，占公司2016年净利润的790%,全部计入2017年度损益。结合公司情况，预计公司2017年度净利润亏损。同时，底播虾夷扇贝业务可销售资源量大幅减少、毛利率大幅下降，将给2018年度经营业绩带来较大压力。,　　此前，獐子岛预计2017年净利润亏损5.3亿元-7.2亿元。而在三季报中，獐子岛曾预计2017年净利润为9000万元至1.1亿元。,　　獐子岛披露，截至2017年末公司贷款余额30.43亿元，其中2018年到期流动资金贷款16.45亿元。本次存货核销及计提跌价准备，将导致资产负债率大幅升高，初步静态测算约88%。,　　据了解，獐子岛债务率已经处于历史较高水平。2013年，獐子岛负债率为54.07%，2014年发生扇贝消失后，负债率跃升至76.29%，2015年升至79.75%，2016年略微下降，负债率为75.60%，2017年前三季度为74.63%。,　　在公布底播虾夷扇贝2017年终盘点情况后，2月6日，深交所中小板公司管理部向獐子岛下发关注函，要求獐子岛详细说明截至2018年1月才发现底播虾夷扇贝大量死亡的原因及合理性，以及目前公司的经营环境是否已发生重大变化、盈利能力是否具有可持续性、未来经营活动的资金来源等，给出相关结论，提出充分的客观依据。,　　深交所要求獐子岛说明是否建立了对降水量、硅藻数量以及海水温度的实时监测制度并就监测情况采取相应的应对措施，同时说明上述制度的运行情况，并分月份披露2017年1至12月长海县每月降水数量、硅藻数量以及獐子岛海域水温数值。,　　獐子岛回复关注函称，根据春秋季抽测结果，在2017年春秋季底播虾夷扇贝抽测中未发现存在减值风险是合理的，后续公司将加大对养殖海域的监测力度。,　　事实上，早在2014年，“扇贝跑路”就曾上演过，公司在2011年和部分2012年播撒的100多万亩即将进入收获期的虾夷扇贝绝收，当时獐子岛对外界给出的解释是受到“冷水团”的影响，而在2014年“8亿元扇贝游走事件”爆发后不久，獐子岛推出了员工持股计划。2015年4月30日，公司员工持股计划完成股票买入，购买均价为12.58元/股，购买数量为676.6033万股。按照今日獐子岛的收盘价，员工持股计划已经亏损一半以上。,　　此外，獐子岛第二大股东北京吉融元通资产管理有限公司-和岛一号投资基金于2017年11月13日至12月19日期间累计减持公司股份199.85万股，减持金额1612.39万元。深交所要求，公司详细说明和岛一号投资基金减持公司股份的动机和目的。但截至目前，公司并未针对此作出回复。,　　獐子岛频繁发生“扇贝游走”的“黑天鹅事件”，究竟是天灾还是人祸？“扇贝跑了”的闹剧频繁上演，是否是上市公司进行的财务调整和利润调节手段？一系列疑问，投资者需要答案。",c_1122388470, 2018-02-08 16:2,"
獐子岛扇贝迷局：股东“精准减持” 2017年预亏超5亿元-新",http://www.xinhuanet.com/food/2018-02/08/c_1122388470.htm
 新华社,"　　新华社北京2月14日电 ,　　新华社记者张辛欣,　　一碗粉蒸肉，是徐先生对过年最刻骨铭心的记忆。这道奶奶的拿手菜，是儿时年夜饭必不可少的“大轴”。趁热来上一大勺，滋出的油花淌出嘴角，唇齿留香的味道好似幸福魔法，能够治愈一年中所有的不快。,　　十几年前奶奶的离世让这道菜成为永恒的记忆。此后每年春节，徐先生几乎试遍北京餐厅的粉蒸肉，却难以找到熟悉的味道和专属的记忆。过年，从此多了份遗憾和思念。,　　每个人的心中都有那么一碗粉蒸肉，越近除夕味道越浓。对中国人来说，大年三十晚上那一桌丰盛的年夜饭，就是年的味道、家的味道、家乡的味道，对海外游子来说，那就是祖国的味道。这些菜或有祖辈的讲究，或是家人的喜好，随着时光机流传下来，散发出早已超越饭菜本身的香气。,　　这世上最难割舍的依赖总是藏在味蕾里。我们很少会怀念某家餐厅的味道，但只要离家久了，家的味道就一定会变成一种魂牵梦萦的牵挂。一盘红烧带鱼，一屉枣花馒头，不论旁人尝起来多么普通，都是幸福的终极密码，既熨帖了胃，更温暖了心。纵然不惜穿越大半个中国，我们也要回到家聚在一起，吃上这一年中最温暖的团圆饭，这就是亲情的召唤。,　　随着科技进步，日子红火，年夜饭的方式、内容发生很多变化，但它的仪式感和重要性从未被冲淡。灯火辉映中，人们眼角的笑意和幸福从未减少。亲情被时间酿成了美酒。,　　循着味蕾的记忆，我们收获感情，更汇聚力量。这种力量可以消弭过往的压力与不快，鼓舞我们更好地出发。年夜饭既是在快速现代化、物质日益丰富的时代，人们感受幸福的一把钥匙，更是奋进路上，承载着期许与祝福的加油站。,　　正是有了对团圆的精神守望，我们才能更自由地追逐自己的梦想，正因为有了亲情的陪伴与支撑，在日后的跋涉中，我们才有勇气将狂风唱成浪漫的歌，将暴雨读成醉人的诗。,　　某种程度上，民族也是记忆的共同体。以味蕾记忆为代表的亲情文化是乡愁里弥足珍贵的精神基因，更是几千年来薪火相传的家风祖训、传统美德、家国情怀和奋斗精神。,　　年味是最真切的中国记忆。传承这份记忆，留住你我乡愁，我们的精神才不会疲惫，前行路上也因此汇聚更磅礴的力量。",c_1122417484, 2018-02-14 09:3,"
年夜饭，味蕾发出的亲情召唤-新",http://www.xinhuanet.com/food/2018-02/14/c_1122417484.htm
 新华网,,c_1122395204,,"
中国味道：寻找记忆深处的年味-新",http://www.xinhuanet.com/food/2018-02/09/c_1122395204.htm
 南方日报,"　　半个月前，重庆奉节的付学明在电商平台团队的帮助下，卖掉了自己25亩地的脐橙，每亩地的收入比往年多了400多元。女儿劝他，趁着今年收入好，用这多出来的钱把家里的旧家具换一遍。但他拒绝了。“你敢肯定他们还会再来？”,　　付学明担忧的是，助农团队可能就像以前来奉节的商贩一样，赚一笔就不来了。,　　事实上，农产品商品化、标准化难的背后，还有农产品上行机制的持续性和品牌化问题。,　　这意味着，农村电商的运转机制要发生较大的变革，从村民自发性行为，到村民成为规范产业链上的标准化参与主体。只有在这个过程中，农产品的商品化、标准化、品牌化过程才能实现，长效机制才能建立。,　　对此，不少业内专家有着共识性阐述：“从概念到落地，从自发到巨头介入，从卖给农民东西，到从农民那里买东西，从农民被动接受，到农民深度介入成为主角，农村电商才真正是本质意义的农村电商。”,　　记者在走访中发现，随着与农民的接触愈加深入，在受挫中的反思愈加敏锐，实际情况正倒逼着企业转变思维，不少企业已聚焦农产品上行问题，积极主动调整已有战略。,　　2018年1月18日，电商脱贫（重庆）高峰对话会在重庆国际会展中心举行，阿里巴巴集团首席执行官张勇宣布，阿里将整合所有资源，做到“授人以渔”，助力全国800个贫困县。,　　阿里巴巴集团副总裁、乡村事业部总经理王建勋介绍，阿里首批将建设22个兴农扶贫官方服务站，这些服务站连接产地农货与消费者，帮助这些县域的农产品精准触达城市人群。在服务站的运行上，阿里将招募“村小二”作为工作人员。县级服务站负责培训村级掌柜，组织促销活动，打通县村物流，村级服务站负责帮村民下单、收货或者往外地发货。,　　记者获悉，目前阿里的农村淘宝已有一定基础，其覆盖全国29个省、近700个县域（含建设中）的3万多个村点，为村民提供各类服务的“村小二”和“淘帮手”数量有近6万名多名。从商业角度讲，阿里巴巴的逻辑很简单，只有把上行做好了，农民有钱了，才会在阿里巴巴的电商平台上买东西，下行才能做得更好。,　　而在2018年苏宁易购年货节发布会上，苏宁宣布把每月7号的“苏宁电商扶贫日”和今年刚在全国100个贫困县落地的电商扶贫实训店结合起来，助力贫困家庭精准脱贫。苏宁亦称之为“授渔行动”：经政府认证的贫困人员可以成为电商实训店的员工，他们将在实训店学习电商经营管理知识，学会宣传、物流、金融等各类经营工具。要从“输血”变为“造血”，苏宁方面如是表示。,　　去年底，京东集团董事长刘强东，承诺3年内帮助河北省阜平县平石头村贫困户脱贫，5年内全村家庭收入平均增长10倍。“平石头村有野生的山菌、黑猪肉，京东要把这些特色农产品卖到全世界。京东将通过扶贫馆、特色馆、特色产品旗舰店等方式，让各具地方特色的农产品上京东。”,　　部分农业专家对记者补充道：“目前，有的企业已与政府相关部门合作，将检测技术、农产品溯源系统引入企业数据库，消费者只要扫描全程溯源二维码，就能找到买的大米产自哪个地块，属于哪个品种，用了哪些化肥农药，而与此同时，企业对消费者的反馈数据也会进行分析，这样一来，大数据就能指导农户生产出‘适销对路’的农产品，更好实现农产品的标准化、商品化。”,　　据悉，目前我国已经成立“国家农村电商标准化课题组”，农产品的商品化、品牌化、标准化已经被提到国家层面的议事日程。“授人以渔”的脚步，或许越来越快了。 姚",c_1122385328, 2018-02-08 09:0,"
“授人以渔”破除农产品上行尴尬-新",http://www.xinhuanet.com/food/2018-02/08/c_1122385328.htm
 新京报,"　　面对高铁“外卖”的加入，传统高铁盒饭的生产加工，在口味和种类上也在求变。据报道，作为国内最大的高铁配餐基地，今年春运，北京京铁列车服务有限公司生产的高铁套餐提质不提价，品类达到18种，在工业化生产的同时，部分餐食采取人工煸炒方式制作。,　　传统高铁盒饭的生产与制作，主要采取工业化生产的模式。工业化生产解决了“量”的问题，但短板在于口味单一，缺乏个性。同时也很容易受到品种的限制，无法满足多元的需求。按照消费的层级来说，这属于“果腹”而非“美味”的标准。,　　对比国内外的铁路餐饮不难发现差异。日本的铁路便当，精致又极具地方特色，种类也丰富，可以让乘客“走一路吃一路”。在美国，享受一顿标准的西餐，是坐火车的一部分。即便是我国台湾地区，因为铁路便当制作精良考究，新鲜而注重细节，也深受市场青睐。,　　有数据显示，2016年中国高铁运营旅客14.43亿人次，日均运送旅客数达400万人次，据估算，铁路快餐一年将会有近70亿元的市场规模。随着外卖的入局，消费者有了更多的选择机会，对传统垄断经营的铁路快餐，也带来实质性的冲击。,　　铁路快餐若要赢得主动，只能求新求变，做到以乘客为中心和“需求为王”，增强品质和口感，形成具有差异性和特色性的铁路快餐文化。从长远来说，铁路市场化改革“依旧在路上”，系统性和全局性改革依旧任重道远，还需要对标快餐改革而加速推进。,　　□堂吉伟德（职员）",c_1122391115, 2018-02-09 08:2,"
“人工煸炒”高铁盒饭，竞争推动进步-新",http://www.xinhuanet.com/food/2018-02/09/c_1122391115.htm
 北京青年报,"　　北京市政府向首都市民发放30万张春节庙会门票活动备受市民欢迎。截至2月10日20：05第三轮抢票结束，30万张庙会门票被全部“抢光”，地坛庙会门票更是2秒内即被抢光。有关部门提醒市民，抢票成功后请尽快到预约的换票点换取纸质门票。,　　现在提到过年，不少人共同的感觉是“年味淡了”“过年没什么意思了”。由此延伸出来的一个现象是，人们已经越来越不像过去那样期盼过年了，包括孩子，对过年的期盼感也远不及过去了。,　　“年味淡了”的现象，确实有发展的结果。过去由于条件差，日子过得紧巴巴，很多好东西只有到春节才有机会接触。同样是吃饭，过去“不知道吃什么”，是因为食物匮乏，几乎没有什么好东西可吃；现在“不知道吃什么”，是因为食物充备，平时好的吃多了，根本不知道还有什么能打动自己。“曾经沧海难为水，除却巫山不是云”，随着经济社会的发展，生活水准不断提高，春节带来的物质快感，已经慢慢削弱了。,　　如果说物质层面的“年味淡了”，不仅不是坏事，反而是一件好事的话，那么精神层面的“年味淡了”，则触动了人们的文化痛感。生活是需要仪式感的，春节是一个富有仪式感的日子。而现在，与春节有关的仪式，慢慢被忽视和放弃了。当春节失去了文化加成，也就成了一个空心的节日。遑论这样的黄金周，也不是只有春节这一次，即便连放假，似乎也没有那么吸引人了。,　　在强调文化自觉与文化自信的今天，一个没有年味的春节，显然是一个大问题。应该说，面对这个问题，方方面面还是重视的，只是这种重视，很多时候是以感叹和呼吁的形式出现，实质性的举措相对较少。让年味浓一点，并非无计可施、无路可走，就目前来看，完全可以在主动性上做一点文章。,　　于个体而言，不妨让日子过得更有仪式感一点。北京有个歌谣，“小孩儿小孩儿你别馋，过了腊八就是年；腊八粥，喝几天，哩哩啦啦二十三；二十三，糖瓜粘；二十四，扫房子；二十五，冻豆腐；二十六，去买肉；二十七，宰公鸡；二十八，把面发；二十九，蒸馒头；三十晚上熬一宿;初一、初二满街走。”歌谣记载的春节仪式，对很多人来说是熟悉的。当然，由于时代不同了，没有必要完全重复过去，但尽量保持一点年俗，让春节更有仪式感一点，显然是可行的。,　　于社会来说，也不妨多一些文化设计。30万张门票被北京市民“抢光”，从中可以看到庙会的受欢迎度。事实上不仅在北京，很多城市的庙会，都有着广泛的粉丝。时代背景已经发生深刻变化，庙会本身也发生了一定变化，但庙会对年味的集纳这一点却没有变。有人说过，北京虽然是一座历史文化名城，但如果没有庙会的话，还真难找到“年味”。可以说，庙会的存在，满足了人们对于年味的向往。进一步讲，如果我们多一些庙会这样的文化设计，年味显然会浓得多。,　　当然，现在的庙会也有不少问题。正如有人批评的，相对于过去，现在的庙会文化味道淡了一些，而经济味道浓了一点，甚至有些庙会弥漫着和只剩下浓浓的烧烤味。问题需要正视，也需要解决。如何让庙会更有文化味道，已然提出了要求。但不管如何，庙会还是起到了“年味加工厂”的作用。特别是在城市，如果没有庙会，那这个春节与平常假期似乎也没有根本区别。,　　正是由此出发，如果我们的社会，特别是政府加强文化设计，多一些类似庙会这样的“年味加工厂”，那么下一代的春节记忆依然会保存。　　东原",c_1122405631, 2018-02-12 08:4,"
多一些庙会这样的“年味加工厂”-新",http://www.xinhuanet.com/food/2018-02/12/c_1122405631.htm
 新华网,7月27日，2018中国食品辟谣论坛在北京举行。图为新华网产经中心总编辑段世文作报告,c_1123186667, 2018-07-27 15:4,"
新华网产经中心总编辑段世文-新",http://www.xinhuanet.com/food/2018-07/27/c_1123186667.htm
 新华网,　　7月27日，2018中国食品辟谣论坛在北京举行。图为工业和信息化部消费品工业司司长高延敏发言。,c_1123186439, 2018-07-27 15:2,"
工业和信息化部消费品工业司司长高延敏-新",http://www.xinhuanet.com/food/2018-07/27/c_1123186439.htm
 新华网,　　7月27日，2018中国食品辟谣论坛在北京举行。图为农业农村部农产品质量安全监管局应急处处长方晓华发言,c_1123186596, 2018-07-27 15:4,"
农业农村部农产品质量安全监管局应急处处长方晓华-新",http://www.xinhuanet.com/food/2018-07/27/c_1123186596.htm
 新华网,　　7月27日，2018中国食品辟谣论坛在北京举行。图为海关总署进出口食品安全局副巡视员王东发言。,c_1123186536, 2018-07-27 15:3,"
海关总署进出口食品安全局副巡视员王东-新",http://www.xinhuanet.com/food/2018-07/27/c_1123186536.htm
 新华网,7月27日，2018中国食品辟谣论坛在北京举行。图为伊利集团副总裁张轶鹏做主旨演讲,c_1123186733, 2018-07-27 15:5,"
伊利集团副总裁张轶鹏-新",http://www.xinhuanet.com/food/2018-07/27/c_1123186733.htm
 北京日报,"　　今年春节，年夜饭生意格外火爆，不少餐厅的年夜饭早已预订一空，一些餐饮企业顺势推出“年中饭”，让消费者们在除夕当天中午“提前”聚餐。,　　除夕“年中饭”仍可预订,　　记者了解到，今年老字号的年夜饭生意比往年更火，截至目前，鸿宾楼、砂锅居、同春园等众多老字号的年夜饭雅间已全部预订一空，大堂散座预订率在八九成以上；全聚德、便宜坊、东来顺等多数门店的单间已基本订满，个别门店仅余少量散座；紫光园所有门店的包间分两轮预订，第一轮已全部订满，第二轮预订50%；去年刚刚重张的致美斋年夜饭也已全部订出。颇具特色的大众餐饮受到了年轻家庭的欢迎。眉州东坡、旺顺阁、局气等酒楼的年夜饭已预订一空，金百万25家直营店的年夜饭共订出3400桌，巴音浩日娲蒙餐的35个包间年夜饭全部订满。,　　年夜饭如此抢手，不少市民选择转战“年中饭”，也就是在除夕当天中午提前聚餐。餐饮企业也顺势推出特色“年中饭”。花家怡园相关负责人介绍，中午时段的“年中饭”目前已订满，餐厅还增加了下午4点到6点时段的年夜饭，目前预订率为80%，不同时段的菜品和价格基本一致。,　　此外，四季民福的10多家门店也均推出了“年中饭”，预订翻台率普遍为两轮。记者了解到，全聚德、仿膳、丰泽园、四川饭店多数门店“年中饭”预订出6成以上，烤肉宛、鸿宾楼、又一顺、马凯餐厅等的“年中饭”雅间已订出九成多。,　　年夜饭半成品购买更便捷,　　不少餐厅还推出年夜饭半成品，市民可通过门店外带或电商平台购买，亲自做出一桌特色年夜饭。,　　全聚德和平门店内办起了“年货大厅”，摆出了年货礼盒和外带家宴。工作人员介绍，除精制点心外，今年店里特别推出了188元的“砂锅酸菜炉肉”和388元的“什锦海鲜锅”两款节日家宴大餐，买菜送锅，加热即食，配上外带烤鸭，在家里就能品尝到地道的全聚德年夜饭。护国寺总店推出年味儿小吃宴的同时，也提供打包年夜饭礼盒。,　　电商平台成了年夜饭销售新渠道。京东推出传统半成品年夜饭，新雅大厨、俏苏阁等把各类菜品分开卖，消费者可以将南北菜肴自由组合。天猫今年上线松鹤楼、眉州东坡等餐饮企业的产品，受到市民追捧。烤肉季联合顺丰快递推出年货快递服务，市民上午预订半成品年夜饭，城区内基本下午就能送到，最晚次日递送到家。,　　老字号门店手机上能“参观”,　　今年，老字号企业还纷纷赶时髦，让市民在消费的同时，感受到更多的乐趣。老字号东来顺推出了萌萌的日历、福包等礼品，令到店顾客耳目一新。,　　首个“北京老字号消费地图VR版”近日发布，152家老字号门店集体走到了线上。在手机上，市民可以获取店铺地址和电话，还能看到每个老字号门店的外观、餐厅甚至厨房的场景照片。如果带上VR设备，还可以沉浸式地体验店铺场景，身临其境地参观门店。未来，地图还将持续升级，市民通过手机，就可以看到烤鸭等特色餐饮的制作过程。,　　消费者可以在北京市商务委官方微信、北京市老字号协会官方微信、老字号促销活动官方主题网站查阅和使用老字号VR地图。",c_1122405554, 2018-02-12 08:3,"
年夜饭预售火爆 商家开推“年中饭”-新",http://www.xinhuanet.com/food/2018-02/12/c_1122405554.htm
 新华社,,c_1122400592_2,,"
“欢乐春节――行走的年夜饭”飘香洛杉矶-新",http://www.xinhuanet.com/food/2018-02/11/c_1122400592_2.htm
 新华社,,c_1122400592_3,,"
“欢乐春节――行走的年夜饭”飘香洛杉矶-新",http://www.xinhuanet.com/food/2018-02/11/c_1122400592_3.htm
 新华社,,c_1122959945_9,,"
山东烟台樱桃产业助力乡村振兴-新",http://www.xinhuanet.com/food/2018-06/09/c_1122959945_9.htm
 新华社,,c_1122959945_8,,"
山东烟台樱桃产业助力乡村振兴-新",http://www.xinhuanet.com/food/2018-06/09/c_1122959945_8.htm
 新华社,,c_1122959945_5,,"
山东烟台樱桃产业助力乡村振兴-新",http://www.xinhuanet.com/food/2018-06/09/c_1122959945_5.htm
 新华社,,c_1122959945_7,,"
山东烟台樱桃产业助力乡村振兴-新",http://www.xinhuanet.com/food/2018-06/09/c_1122959945_7.htm
 新华社,,c_1122959945_6,,"
山东烟台樱桃产业助力乡村振兴-新",http://www.xinhuanet.com/food/2018-06/09/c_1122959945_6.htm
 中国新闻网,"　　国家质检总局26日在其官网发布消息，质检总局决定对137家进口食品企业采取加严监管措施。,　　资料图：山西太原，民众正在超市挑选进口商品。 中新社记者 张云 摄,　　质检总局称，根据近期检验检疫情况，已有137家企业出现不良记录，达到《进口食品不良记录管理实施细则》规定的列入《进口食品化妆品安全风险预警通告》的条件，其中进口商48家、境外生产企业47家、境外出口商42家。为保障进口食品安全，进一步落实进口食品企业主体责任，决定对上述137家企业采取加严监管措施，在再次进口相关产品时，应按要求提供相应检测报告或合格证明材料。被列入《进口食品化妆品安全风险预警通告》的企业要及时进行整改，提高进口食品质量，待满足《细则》规定的“解除风险预警条件”后，可按规定从名单中撤除。有关详细信息，将在质检总局网站上予以公布。",c_1122168082, 2017-12-26 11:3,"
质检总局决定对137家进口食品企业加严监管-新",http://www.xinhuanet.com/food/2017-12/26/c_1122168082.htm
 新华网,"　　2017年12月未准入境的葡萄酒信息 ,　　(来源：质检总局),
",c_1122385463_9, 2018-02-08 09:1,"
2017年173吨进境葡萄酒销毁退货 买放心安全进口葡萄酒须“三看”-新",http://www.xinhuanet.com/food/2018-02/08/c_1122385463_9.htm
 新华网,"　　2017年11月未准入境的葡萄酒信息,
",c_1122385463_8, 2018-02-08 09:1,"
2017年173吨进境葡萄酒销毁退货 买放心安全进口葡萄酒须“三看”-新",http://www.xinhuanet.com/food/2018-02/08/c_1122385463_8.htm
 新华网,"　　2017年10月未准入境的葡萄酒信息,
",c_1122385463_7, 2018-02-08 09:1,"
2017年173吨进境葡萄酒销毁退货 买放心安全进口葡萄酒须“三看”-新",http://www.xinhuanet.com/food/2018-02/08/c_1122385463_7.htm
 新华网,,c_1122395204_8,,"
中国味道：寻找记忆深处的年味-新",http://www.xinhuanet.com/food/2018-02/09/c_1122395204_8.htm
 新华网,,c_1122395204_7,,"
中国味道：寻找记忆深处的年味-新",http://www.xinhuanet.com/food/2018-02/09/c_1122395204_7.htm
 新华网,,c_1122395204_6,,"
中国味道：寻找记忆深处的年味-新",http://www.xinhuanet.com/food/2018-02/09/c_1122395204_6.htm
 新华网,,c_1122395204_5,,"
中国味道：寻找记忆深处的年味-新",http://www.xinhuanet.com/food/2018-02/09/c_1122395204_5.htm
 新华网,,c_1122395204_4,,"
中国味道：寻找记忆深处的年味-新",http://www.xinhuanet.com/food/2018-02/09/c_1122395204_4.htm
 新华网,,c_1122395204_3,,"
中国味道：寻找记忆深处的年味-新",http://www.xinhuanet.com/food/2018-02/09/c_1122395204_3.htm
 新华网,,c_1122395204_2,,"
中国味道：寻找记忆深处的年味-新",http://www.xinhuanet.com/food/2018-02/09/c_1122395204_2.htm
 新华网,"　　2017年8月未准入境的葡萄酒信息,
",c_1122385463_5, 2018-02-08 09:1,"
2017年173吨进境葡萄酒销毁退货 买放心安全进口葡萄酒须“三看”-新",http://www.xinhuanet.com/food/2018-02/08/c_1122385463_5.htm
 新华网,"　　2017年5月未准入境的葡萄酒信息,　　2017年6月未准入境的葡萄酒信息,
",c_1122385463_4, 2018-02-08 09:1,"
2017年173吨进境葡萄酒销毁退货 买放心安全进口葡萄酒须“三看”-新",http://www.xinhuanet.com/food/2018-02/08/c_1122385463_4.htm
 新华网,"　　2017年9月未准入境的葡萄酒信息,
",c_1122385463_6, 2018-02-08 09:1,"
2017年173吨进境葡萄酒销毁退货 买放心安全进口葡萄酒须“三看”-新",http://www.xinhuanet.com/food/2018-02/08/c_1122385463_6.htm
 新华网,"　　2017年4月未准入境的葡萄酒信息,
",c_1122385463_3, 2018-02-08 09:1,"
2017年173吨进境葡萄酒销毁退货 买放心安全进口葡萄酒须“三看”-新",http://www.xinhuanet.com/food/2018-02/08/c_1122385463_3.htm
 新华社,,c_1122959945_4,,"
山东烟台樱桃产业助力乡村振兴-新",http://www.xinhuanet.com/food/2018-06/09/c_1122959945_4.htm
 新华网,"　　2017年2月未准入境的葡萄酒信息,　　2017年3月未准入境的葡萄酒信息,
",c_1122385463_2, 2018-02-08 09:1,"
2017年173吨进境葡萄酒销毁退货 买放心安全进口葡萄酒须“三看”-新",http://www.xinhuanet.com/food/2018-02/08/c_1122385463_2.htm
 新华社,,c_1122959945_3,,"
山东烟台樱桃产业助力乡村振兴-新",http://www.xinhuanet.com/food/2018-06/09/c_1122959945_3.htm
 中国质量报,"　　4月26日，国家市场监督管理总局发布了《餐饮服务明厨亮灶工作指导意见》（以下简称意见）。意见提出，鼓励餐饮服务提供者实施明厨亮灶工程，鼓励餐饮服务提供者将视频信息上传至网络平台，规定传至网络的视频信息保存不少于7天，并对实施明厨亮灶工程相关视频设备提出要求。,　　明厨亮灶是指餐饮服务提供者采用透明、视频等方式，向社会公众展示餐饮服务相关过程的一种形式。据了解，此次意见的发布，旨在督促餐饮服务提供者加强食品安全管理，诚信守法经营，规范公开加工过程，推动餐饮服务食品安全社会共治。,　　意见提出，鼓励餐饮服务提供者实施明厨亮灶。公开的重点内容包括厨房环境卫生、冷食类食品加工制作、生食类食品加工制作、烹饪和餐饮具清洗消毒（使用洗碗机进行清洗消毒以及提供一次性和集中清洗消毒的餐饮具除外）等。,　　意见对餐饮服务提供者开展明厨亮灶环境提出了要求，包括餐饮服务提供者应当主体资质合法、原料来源清晰、加工过程规范、厨房环境卫生、工具用具洁净、人员衣帽干净；餐饮服务提供者采用透明式展示的，可通过建造透明玻璃窗、玻璃墙的方式向社会公众展示；透明玻璃表面要光滑整洁、通透明亮，无积尘、无油垢；玻璃上的粘贴画不得遮挡视线，玻璃两侧不宜存放遮挡视线的物品。透明玻璃要定期清洁，保持视线清晰。,　　意见鼓励餐饮服务提供者将视频信息上传至网络平台。餐饮服务提供者采用视频式展示的，可通过视频直播的方式向社会公众展示，要保证就餐人员在就餐场所能看到展示的内容。鼓励中小学食堂、养老院食堂、集体用餐配送单位等餐饮服务提供者将视频信息上传至网络平台。鼓励采用视频式展示的入网餐饮服务提供者将视频信息上传至其加入的网络餐饮服务第三方平台。网络餐饮服务第三方平台要为视频信息上传、社会公众观看提供接口、展示页面。,　　意见对餐饮服务提供者实施明厨亮灶区域的摄像头和视频展示及存储,　　等相关设备作出明确要求。意见提出视频直播展示的设备由视频采集设备、展示设备和储存设备3个部分组成。摄像头安装要满足4个要求：粗加工区，可以看到该区域的卫生状况；烹饪区，可以看到地面、工作台面和设施设备干净程度，人员穿戴工作衣帽情况；专间、专用操作区域，可以看到工作台面和设施设备干净程度，人员穿戴工作衣帽情况，食品加工过程；餐饮具清洗消毒区，可以看到餐饮具回收、清洗、消毒、保洁等过程。,　　意见要求，餐饮服务提供者要保证采集的视频信息清晰展示在就餐场所显示屏或上传至网络平台。视频信息保存不少于7天。餐饮服务提供者一经启用视频展示设备，就要保证在加工制作、就餐时间设备正常运行，在该时间段不得在展示设备上改播其他内容。餐饮服务提供者要定期维护视频展示设备，一旦发现设备不能正常使用，要及时维修。,　　意见对餐饮服务提供者加强内部管理、强化监督检查、举报违法违规行为等提出明确要求。根据意见要求，餐饮服务提供者要加强内部管理，持续保持公开内容的真实、合规，要在就餐场所醒目位置公布食品安全监管部门的举报电话。同时，食品安全监管部门对餐饮服务提供者进行监督检查时，要对其明厨亮灶的情况进行检查和指导。,　　此外，意见规定，社会公众通过明厨亮灶发现餐饮服务提供者有违法违规行为的，可以向食品安全监管部门举报。食品安全监管部门对社会公众投诉举报反映的线索，要进行调查核实，属于违法行为的，及时依法处理，并反馈投诉举报人。,　　意见明确，国家市场监督管理总局负责指导餐饮服务明厨亮灶工作；省级食品安全监管部门负责指导管理本行政区域餐饮服务明厨亮灶工作；市、县级食品安全监管部门负责管理本行政区域餐饮服务明厨亮灶工作。按照意见要求，各省、自治区、直辖市食品安全监管部门可结合本地实际，制定餐饮服务明厨亮灶工作实施方案。（记者张文礼）",c_1122771142, 2018-05-02 10:5,"
国家市场监管总局印发《餐饮服务明厨亮灶工作指导意见》-新",http://www.xinhuanet.com/food/2018-05/02/c_1122771142.htm
 新华网,"　　7月27日，2018中国食品辟谣论坛在北京举行。图为蒙牛乳业（集团）股份有限公司集团事务副总裁黄忻发表主旨演讲。,
,　　新华网北京7月27日电（孙广见） 7月27日，以“新监管时代 食品谣言防控与治理”为主题的2018中国食品辟谣论坛在北京举行。蒙牛乳业（集团）股份有限公司、集团事务副总裁黄忻发表致辞。她表示，一直以来食品行业是谣言的重灾区，尤其伴随新媒体迅速发展之后，谣言传播又呈现出新的形式。,　　黄忻总结了新媒体环境下，食品谣言传播呈现的五个新特征。她说，第一，谣言传播速度加快在微博和微信的渠道里面，传播的速度大大高于以往。第二，传播的渠道发生了改变，利用熟人之间的信任关系在微信群里面传播，传播量在不断地增加；第三，技术手段不断地翻新，从之前图文形式变成小视频和裸视频。第四，造谣的手法多样化，例如利用一些旧闻重新编辑，以偏概全，利用信息的时间差营造政府监管不作为，企业不负责任的假象。第五，传播源头难以追溯，后期传播当中又有很多普通消费者参与其中，所以给辟谣带来很大的难度。,　　蒙牛不止一次被网络谣言攻击，深受其害。在她看来，谣言不仅给公众的生活带来焦虑和恐慌，更给行业和受害企业带来名誉损害和经济损失，涉事企业用大量人力物力去消除负面影响，干扰了健康的营商环境。“我们发现一则数年前的旧闻攻击蒙牛，误导消费者，它以裸视频方式在微信群当中传播，给辟谣工作带来了极大的障碍，不仅严重损害了蒙牛的品牌声誉，而且还损害了大众对国产品牌的影响”,　　黄忻表示，网络谣言传播成本很低，治理谣言仅凭企业和司法机关这个力量是远远不够的，所以蒙牛倡导社会共治，希望更多的社会力量能够加入到谣言的治理队伍当中，构建一张全方位立体化的防控网，才能够切断谣言的传播链条。,　　为此，她建议，首先，希望政府部门能够继续给予高度的关注，能够持续加大正面传播的音量，不断提升国内消费者对国产品牌的消费信心，同时也希望能够进一步加强立法，因为，目前网络谣言的传播给带来很多新的课题，法律可能在规管网络谣言方面有一些滞后性，希望能够依法有力地打击谣言传播的黑色产业链。,　　其次，主流媒体在公众层面具有较强的公信力，借助主流媒体的力量。打击食品谣言，同时，期待不断涌现出“中国食品辟谣联盟”的平台。,　　然后，在新媒体平台上，能够建立完善的谣言监测和处理机制。针对微信微博等新媒体，建立专门的谣言监测机制和处理机制，在谣言大幅传播之前能够进行遏制，为中国的食品产业的健康发展打造清朗的网络空间。,　　另外，还要加强对公众的科普教育，很多谣言传播都源于公众不明就里，一知半解，被情绪化掌控而随意转发，提高公众对谣言的甄别能力，从而自觉的抵制谣言,　　最后，食品企业还要做好自身事情，继续发挥质量安全管理的主体责任。同时也要加大治理谣言投入的力度，除了谣言受害企业之外，其实每一个企业都应该积极地投入，加入到谣言治理队伍当中来。",c_1123187731, 2018-07-27 18:2,"
蒙牛黄忻：构建全方位立体化防控网，切断谣言传播链条-新",http://www.xinhuanet.com/food/2018-07/27/c_1123187731.htm
 新华社,,c_1122959945_2,,"
山东烟台樱桃产业助力乡村振兴-新",http://www.xinhuanet.com/food/2018-06/09/c_1122959945_2.htm
 消费日报网,"　　2月11日，在人月两圆的元宵佳节，广东省中山市迎来“慈善万人行”巡游活动的30岁生日，在兴中道体育场举办的大型文艺表演为活动拉开序曲。今年活动围绕30周年的“经典”“厚重”“品牌”主题，巡游方阵超过200个，汇集认捐款物1.01亿多元，再创历史新高，中山红十字现场表彰十个慈善先进企业及个人。完美公司今年再次捐赠200万元，截至目前累计捐款总额逾2700万元。,　　完美(中国)有限公司董事长古润金受邀列席主席台观看演出，并代表完美公司领取“红十字博爱奖”奖牌，古润金个人荣获“红十字博爱奖”奖章。完美公司副董事长许国伟率领350名员工组成“善”字完美方阵在爱心大道前进，践行中山精神，共建博爱家园。　　,　　当天，浓浓的博爱情结把海内外中山儿女、各界爱心人士团聚在一起，在花团锦簇中为爱携手同行，初春的寒风挡不住这道爱心暖流。从彩旗飘扬的空中俯瞰，一个硕大的“善”字在巡游队伍中爱心涌动，熟悉慈善万人行的民众一眼便能认出这鲜明亮丽的“完美中国，中国完美”方阵。,　　中山慈善万人行30年间，近2000万人次参与“慈善万人行”，近1000万人次捐款，扎根伟人故里、传扬博爱精神的完美公司一直是这其中的“常客”。完美公司与中山慈善万人行的缘分缔结于1996年，自此以后，每年的万人行巡游队伍中都能看到热情洋溢的完美方阵，至今已有22个年头。完美公司早已将慈善万人行与希望工程、无偿献血、母亲水窖等项目一同纳入慈善公益体系，各项社会公益事业捐资总额达6亿元。,　　古润金由衷感激这个慈善平台的搭建，因为它的存在，为海外中山人、华人同胞提供了关心家乡建设的窗口，也让更多年轻人可以接触历史，感受中山的精神传承。“伟人孙中山先生的博爱理想在慈善万人行中发扬光大，我想这是对年轻人很好的激励。”每年让员工参加万人行，古润金相信伟人的精神理念能够通过活动浸润至完美公司的企业文化当中，让完美人更有担当，为建设家乡谋求更好的发展。,　　据悉，1987年底，在借鉴香港公益金百万行的基础上，中山市委市政府于1988年举办了以传承中华民族传统美德为内容的“88敬老万人行”大型群众性活动。自此，活动不断发展，组织形式不断创新，从最初的每年1.8万人巡游、不到10万人捐款，发展到每年参与市、镇两级巡游活动的达20多万人、过百万人捐款，全市机关、企事业单位、社会团体等各行各业踊跃支持，不少海外乡亲团体倾情专程参与。在捐款金额上，从1988年的7.2万元，上升至今年的1.01亿多元，成为市民的文化自觉和精神生活的重要内容，成为城市文明的重要组成部分。　　,　　作为一年一度的慈善盛事，慈善万人行累计筹集善款超过12亿元人民币，今年前期还创新活动形式，通过新媒体发布了“与爱同行”万人行历史图片征集、“指尖上的万人行”等多个活动，让更多无法亲身参与万人行巡游的市民参加到活动中来，深受市民欢迎。",c_1123017156, 2017-02-17 16:4,"
22载接力慈善万人行，完美担当公益“常客”-新",http://www.xinhuanet.com/food/2017-02/17/c_1123017156.htm
 新华网,"　　7月27日，以“新监管时代 食品谣言防控与治理”为主题的2018中国食品辟谣论坛在北京举行。来自政府监管部门、行业协会、食品行业专家等近200人济济一堂，共同探讨网络食品的谣言的防控和治理。,　　2018中国食品辟谣论坛由农业农村部、国家网信办、市场监管总局指导、新华网主办，是2018年全国食品安全宣传周活动中的重要组成部分。,　　工业和信息化部消费品工业司司长高延敏在致辞中表示，食品谣言之所以能够引起全社会的广泛关注，是因为食品安全是人民群众美好生活最基本的需要，是全社会的期盼。食品谣言的防治与治理需要政府部门有力地监管，还需要企业、协会、新闻媒体、专业机构、社会公众的共同参与。,　　“科普教育是抵制食品谣言的关键。”新华网常务副总裁魏紫川表示，今年辟谣联盟聚焦大市场监管体系下如何更有效地开展食品辟谣的宣传工作，并在定期发布食品辟谣权威信息、及时开展线下辟谣活动、开展多项关于食品方面的科普活动、为广大消费者提供便捷权威的谣言查询平台等四方面发力。,　　农业农村部农产品质量安全监管局应急处处长方晓华认为，谣言产生并得到广泛传播的最根本原因是信息不对称。在由政府、食品生产者、媒体、消费者构成的多元系统中，信息流动不均衡、不及时、不通畅是引发谣言泛滥的基础。方晓华表示，对于农产品质量安全谣言问题，农业农村部向来高度重视，会同市场监管、公安、网信、宣传等部门加大综合治理力度，努力压缩谣言的传播空间，同时强化科普宣传，引导广大消费者客观理性地看待农产品质量安全问题。,　　食品谣言灌输给公众错误的食品安全信息，使消费者对食品安全的不信任感愈甚，使食品行业被抹黑，政府部门的公信力受损，具有很大危害。对此，海关总署进出口食品安全局副巡视员王东表示，海关总署作为进出口食品安全监管的主管部门，对打击食品安全谣言的态度是十分坚决的。海关总署进出口食品安全监管工作坚持源头严防、过程严管、风险严控的监管理念，给公众准确、公开、透明的信息。,　　,　　食品谣言的防治，不仅需要政府部门有力地监管，更需要食品生产企业增强主体责任意识，提高质量安全水平，提升产品质量满意度和品牌的美誉度，筑牢食品安全公信力，让谣言没有生存空间。,　　伊利集团副总裁张轶鹏表示，卓越品质是攻破食品谣言的利器，也是稳定消费者信心的基石。,　　“一直以来，伊利集团坚守“伊利即品质”的企业信条，以100%用心为消费者打造100%安全、100%健康的产品。”张轶鹏介绍，为了保证产品品质，伊利在多方面开展工作。在上游，伊利向牧场导入先进的SOP管理系统，以对牧场的精细管理，把好品质的第一关；在中游，伊利建立智能工厂，打造严密的品质保障生产体系，实现了产品信息可追溯的全面化、及时化和信息化，消费者对相关产品信息可以轻易掌握；在下游，伊利利用大数据系统，深度洞察消费者的品质需求，不断进行产品升级。,　　蒙牛乳业（集团）股份有限公司、集团事务副总裁黄忻表示，一直以来食品行业是谣言的重灾区，尤其伴随新媒体迅速发展之后，谣言传播又呈现出新的形式。她建议，食品企业要做好自身事情，继续发挥质量安全管理的主体责任。同时也要加大治理谣言投入的力度，除了谣言受害企业之外，每一个企业都应该积极地投入，加入到谣言治理队伍当中来。,　　据了解，为推动食品行业的健康发展，2015年8月，原食药监总局、农业部、质检总局、国家网信办联合新华网成立了中国食品辟谣联盟。截至2018年6月，中国食品辟谣联盟共举办了12次专项落地活动，发布了60余条权威辟谣信息，邀请500余家（次）媒体参与食品辟谣活动。中国食品辟谣网、新华网发布及转发相关食品科普信息累计近4000条，对食品行业、消费者群体乃至整个社会都产生了积极的深远的影响。,　　活动现场，为积极响应9部门联合开展的食品保健食品欺诈和虚假宣传整治行动，加大食品保健食品消费欺诈和虚假宣传治理力度，本次论坛发起《保健品行业自律公约》，碧生源、金士力佳友、隆力奇、新时代健康产业等多家保健品企业现场签署公约。",c_1123187684, 2018-07-27 18:0,"
2018中国食品辟谣论坛在京举行 聚焦食品谣言防控与治理-新",http://www.xinhuanet.com/food/2018-07/27/c_1123187684.htm
 新华网,,c_1123073845, 2018-07-03 17:2,"
万企帮万村 完美公司捐款千万助力扶贫济困-新",http://www.xinhuanet.com/food/2018-07/03/c_1123073845.htm
 新华网,"　,　　新华网北京7月27日电（曹晨）7月27日，以“新监管时代 食品谣言防控与治理”为主题的2018中国食品辟谣论坛在北京举行。论坛上，新华网政务大数据事业部总监吴新丽表示，对于网络谣言而言，根据谣言类型可分为健康与养生类、食品安全类、医疗健康类等。其中，食品类谣言占比高达45%。,　　据中国互联网协会发布的《中国互联网发展报告2018》显示，截至2017年12月，我国网民规模达7.72亿，其中手机网民规模达7.53亿，网民中使用手机上网人群的占比由2016年的95.1%提升至97.5%。,　　对此，吴新丽认为：“伴随着互联网和大数据的快速发展，网络上的信息真假难辨。在媒体平台上，谣言泛滥的情况依然严重。”,　　以“小龙虾的致命真相”谣言为例。据吴新丽介绍，该谣言从6月10日开始传播，到6月23日基本结束，传播时长两周，传播总量688篇。谣言的传播渠道包括新闻、论坛、微博、微信、APP以及境外新闻。其中，微信占比最大，微博其次。,　　在谣言传播的过程中，很多网民都在不同渠道上参与了讨论，那么网民的情绪怎么样呢？,　　她分析称，辟谣前有些网民对于该谣言持怀疑的态度，有些网民比较震惊，还有些网民表示不能吃小龙虾了。但是辟谣文章发出后，网民们表示虚惊一场，小龙虾可以继续吃，同时还对谣言表示出无奈。,　　对于如何更有效地进行辟谣，吴新丽建议：“辟谣应该在谣言泛滥且网民活跃度高的平台上（如，微博和微信）第一时间辟谣，同时在新闻网站、APP等公信力较强的媒体上进行辟谣，可以快速将辟谣信息传播出去。在辟谣过程中，时刻注意网民舆论的变化，随时准备进行引导以及二次辟谣。”",c_1123187568, 2018-07-27 17:3,"
吴新丽：食品类谣言占网络谣言比达45%-新",http://www.xinhuanet.com/food/2018-07/27/c_1123187568.htm
 新华网,"　　,　　新华网北京7月27日电（胡可璐）7月27日，以“新监管时代 食品谣言防控与治理”为主题的2018中国食品辟谣论坛在北京举行。新华网产经中心总编辑段世文在会上作了《中国食品辟谣联盟2017-2018年度工作报告》。,　　段世文介绍，中国食品辟谣联盟自2015年成立以来，持续打击食品谣言，为肃清网络食品谣言尽职尽力，同时着力研究谣言形成传播的社会机理，探索面向食品安全信息传播领域各相关方的自律机制，努力为创新网络社会治理模式积累有益经验。,　　据悉，在国家网信办、农业农村部、国家市场监管总局等部委指导下，截至目前，中国食品辟谣联盟共举办12次专项落地活动，发布60余条权威辟谣信息，邀请500余家（次）媒体参与食品辟谣活动。中国食品辟谣网、新华网发布及转发相关食品科普信息累计近4000条，在食品和媒体行业形成了巨大的影响力。,　　段世文指出，近一年来，联盟定期采访并发布农产品方面的辟谣信息，如“三文鱼之争三问：养殖的‘三文鱼’可以生吃吗？”、“农业部专家：螃蟹注胶纯属谣言”、“无籽葡萄用了避孕药?真相原来是这样……”、“空心西红柿是打了激素不能吃？辟谣联盟为你压压惊”等辟谣新闻，并在官网转发辟谣及科普信息。数据统计显示，2017至2018年度，辟谣联盟共发布原创权威辟谣信息26篇，联盟网站发布及转发相关食品科普信息累计1500余条。,　　他举例说，今年年初，某微信公众号发布了一篇《【转】央视及各大卫视曝光17种巨毒食品名单》的文章，在网络上广泛传播。经查证，文章实为恶意篡改编造的谣言。1月12日，中国食品辟谣联盟摘取部分谣言第一时间辟谣，发布《谣言有毒！中国食品辟谣联盟各个击破》。辟谣稿件一经发布，就被人民日报客户端、人民网、国际在线、央广网、新浪、搜狐、网易、腾讯等360多家媒体转载，传播总量755篇。,　　“辟谣联盟不仅对网络谣言进行梳理、分析，传播正确的食品安全知识，还举办多次线下辟谣、科普活动。”段世文表示，2017年，辟谣联盟举办了啤酒辟谣论坛、“亮剑网络食品谣言”发布会、“解读反式脂肪酸”发布会、第二届中国食品辟谣论坛等落地活动，在发布食品安全科普信息的同时，探讨网络谣言监督和处理机制，引导网民走出食品安全认知误区。,　　谈到未来工作计划，段世文表示，中国食品辟谣联盟将加强各行业领域范围内谣言收集整理工作，强化谣言举报功能，完善辟谣协同治理机制，搭建矩阵式、立体化网络辟谣渠道，实现重大辟谣信息首发和深度解读，同时开展食品科普宣传，组织“进校园”、“进社区”等活动，拍摄科普宣传片、微电影等，实现食品辟谣内容的多媒体传播效果，不断促进中国食品行业健康有序发展。",c_1123187300, 2018-07-27 17:0,"
新华网段世文：持续权威发声 中国食品辟谣联盟“治谣”成效显著-新",http://www.xinhuanet.com/food/2018-07/27/c_1123187300.htm
 国际在线,"中山市2018年（第31届）慈善万人行巡游活动现场,　　3月2日是中国传统佳节元宵节。以“弘扬博爱精神，共创美好生活”为主题的中山市2018年（第31届）慈善万人行巡游活动当天上午在欢乐、祥和气氛中举行。 2万多名市民和各界人士组成的220多支巡游队伍和文艺表演队伍倾情参与本次活动。截至3月2日，本届慈善万人行活动市镇共收到认捐款物10638万元人民币，其中中山市红十字会926万元人民币。,　　巡游队伍从中山市兴中道东西沿线出发，与守候路旁的数万名市民群众，汇成一股强大的爱的洪流。今年的220多支队伍中，有来自中山各行各业的代表，包括了中山老游击战士后代方队、十杰市民联谊会方队、志愿者方队、身边好人方队以及全市各机关、企事业单位等团体组成的方队。此外，由海外乡亲、港澳同胞、外国友人组成的方队约1800人，新加坡中山会馆青年部、台北市中山同乡会、中山市台联等队伍也参与其中。此外，“文化艺术巡游”也是中山慈善万人行主要亮点之一。小榄洪拳、汕尾麒麟舞等表演，得到市民群众好评。,　　中山慈善万人行活动是中山市红十字会最具影响力的品牌。3个多月以来，中山陆续举办了“红十字博爱送温暖”、元旦嘉年华暨百家企业义卖、“大爱雅藏”――书画艺术作品义卖、“博爱欢乐传万家”电视直播晚会、义演、“中山指尖慈善万人行”游戏、“与爱同行益起来”捐步数、海内外乡亲同唱一首“与爱同行”视频专辑、“博爱中山”公众号“经典瞬间”等活动，24个镇区也开展了系列义赛、义卖、义演、巡游等活动。全市上下，从机关到企业、学校、社区、个人，全市各行各业踊跃支持，爱心善举处处涌现。",c_1123017122, 2018-03-04 16:3,"
2018中山慈善万人行活动参与人数超2万 认捐款物超1亿-新",http://www.xinhuanet.com/food/2018-03/04/c_1123017122.htm
 南方网,"　　2018年，是中山慈善万人行举办30周年，也是中山市红十字会建会30周年。12月21日下午，中山市红十字工作会议暨2018年（第31届）中山慈善万人行动员会在市政府会议中心三楼召开，对今年市红十字会的工作作了总结，部署了2018年的工作任务以及2018年（第31届）中山慈善万人行活动的各项工作。市红十字会第五届理事会成员、2018年慈善万人行活动总指挥部成员、市直副处以上单位、各级红十字会及直属学校红十字会、红十字志愿者等代表等共200余人出席了会议。,　　会上，首先对中山市红十字会第五届理事人选调整进行了通报，宣布袁永康当选为理事会会长；袁永康、容彤为常务理事。通报人事调整后，副市长、市红十字会会长袁永康颁发了中国红十字会表彰2015-2017年支持红十字会事业先进集体和个人代表奖章和证书。完美（中国）有限公司、中港英文学校、壹加壹商业连锁有限公司、中山农商银行等爱心企业代表上台接收表彰。,　　“经审计，2016年11月至2017年10月市红十字会募捐款物收入为6185.53万元，支出5672.03万元，当期结余513.5万元，从经济、物质等方面对困难群众实施了人道综合援助。”市审计局党组成员、副局长林文正还宣读了《中山市红十字会2016年11月至2017年10月募捐款物收支情况审计结果》。,　　市红十字会常务副会长、市2018年慈善万人行常务副总指挥简海燕回顾了一年来市红十字会的主要工作：“市红十字会救助帮扶精准到位，今年1至10月，市、镇、学校共帮扶困难群众13050人次；在救灾救援方面也是行动迅速，面对‘天鸽’来袭，划拨100万元人道救助资金用于坦洲、三乡、神湾、板芙等受灾较为严重镇区的专项救助；志愿服务更是办得有声有色，今年9名无偿献血志愿者获得全国无偿献血志愿服务奖终身荣誉奖。”,　　林文正对此做了审计评价：“2017年，我市第九次荣获‘全国无偿献血先进市’荣誉称号，是我省唯一一个连续9次获得此项荣誉的城市；慈善万人行活动更是荣获全国红十字系统人道资源动员工作‘好项目好活动’奖，慈善万人行活动已经成为中山的城市特色名片。其中，市红十字会积极发挥了党和政府在人道领域的桥梁纽带作用。”,　　袁永康在会上作了讲话。他强调，各级红十字会要加强领导，加大宣传，唱响新时代主旋律，从新的起点，以更高的要求擦亮中山万人行这一品牌。结合中山市建市30周年、市红十字会建会30周年和镇区建会20周年开展宣传，将本届万人行办成“安全有序、热烈活泼”的嘉年华活动。,　　动员会结束后，袁永康率市红十字会代表、爱心企业及志愿者代表到石岐区莲新社区开展慰问活动，为困难家庭送上新春祝福。由此拉开了市红十字会2018年“红十字博爱送温暖”的序幕。今年，市红十字会采取市、镇（区）、学校红十字会、政府部门、爱心企业和志愿者联动，以分组分片、集中慰问和上门探访等形式开展，对全市千余户困难家庭开展关爱活动，将温暖送到“千家万户”。",c_1123017218, 2017-12-22 16:4,"
中山市红十字会工作会议暨2018年慈善万人行动员会召开-新",http://www.xinhuanet.com/food/2017-12/22/c_1123017218.htm
 新华网,,c_1122560450, 2018-03-19 17:5,"
23载结缘慈善万人行，完美公益脚步从未停歇-新",http://www.xinhuanet.com/food/2018-03/19/c_1122560450.htm
 新华网,"　　“完美公司是中国禁毒基金会成立以来，对禁毒公益事业投入时间较早，支持力度较大的企业之一，体现了完美公司对禁毒事业的关心和对弱者的关怀……”7月4日，中国禁毒基金会理事长杨凤瑞一行，以及广东省禁毒基金会、省禁毒办相关负责人到访完美公司，中国禁毒基金会副理事长、完美公司董事长古润金陪同参观及座谈。,　　杨凤瑞代表中国禁毒基金会对完美公司十年来对禁毒事业的无私捐助和大力支持表示崇高敬意和衷心感谢，同时介绍现阶段禁毒工作的进展，并就下阶段开展的禁毒工作听取意见和建议。,　　中国禁毒基金会秘书长李宪辉陈述了现阶段禁毒公益项目的工作与成效。他表示，四年来，中国禁毒基金会执行项目的增幅超过两倍，工作人员增加3.6倍，办公条件不断优化，已发展成为具有一定影响力的社会公益组织。多年来，基金会开展的活动都有完美公司的影子，尤其是2013年至2016年，完美公司捐赠的现金占募集现金总额50%以上。,　　古润金在座谈会上表示，一家企业理应履行社会责任，完美公司自2007年起坚持为中国禁毒事业出钱出力，是希望帮助毒品受害家庭过上安稳生活，让社会更加和谐。作为基金会副理事长，古润金长期带领员工、经销商，并发动合作伙伴和社会爱心人士参与到禁毒公益项目中。“能帮助有需要的人，为社会和谐作贡献，感到非常快乐，这是一种良性循环！”他说。,　　近几年来，在完美公司公益善款的支持下，基金会开展了多个大型公益项目，包括国际民间禁毒交流活动、大学生暑期禁毒社会实践活动、抚恤慰问禁毒英烈家属和受伤民警、资助因毒致孤儿童及因毒致困家庭、举办全国禁毒动漫大赛和青少年禁毒知识竞赛、编写禁毒专题教育丛书、举办中国禁毒论坛、建设社区和校园禁毒图书角，以及支持建设中国禁毒数字展馆、中国禁毒网宣传平台等。",c_1123121194, 2017-07-07 10:4,"
古润金：参与禁毒公益事业是一种良性循环-新",http://www.xinhuanet.com/food/2017-07/07/c_1123121194.htm
 中国新闻网,"　　今年8月19日至21日，五辆中巴车驰行在甘肃中南部路况甚差的县村道上，车里坐着一群特殊的客人――其中40多位来自马来西亚、新加坡和台湾地区，还有马来西亚《星洲日报》、《南洋日报》和国内众多媒体的记者同行。他们并不是普通的观光客，去的也不是什么名胜古迹著名景点，而是兰州市永登县长涝池村、定西市通渭县孟川村和地震灾区岷县清水乡大路村这些听起来就很陌生的乡间村镇。中巴车上的红色条幅透露了此行众人的身份和目的：大地之爱，母亲水窖；完美中国，中国完美。,　　这群国际友人是由马来西亚元生基金会林春发先生和马来西亚拿督陈志勇先生发起组织的，专程从海外远道而来甘肃，会同完美公司爱心捐赠队伍一道，在完美总裁胡瑞连的带领下，进行“母亲水窖”项目回访并捐赠新的水窖工程。,　　在三天马不停蹄的行程中，回访团成员走访了三处捐赠点，完美公司、中国妇女发展基金会共同从完美关爱基金中划拨216.38万元的公益捐款。在永登村，中国妇女发展基金会秘书长秦国英、胡瑞连带领团员们去寻找刻有捐赠者名字的水窖，让团员们亲身感受自己的爱心给村民们带来的生活剧变和提升；在受过震灾的岷县，回访团成员走进受灾户家里送上生活必需品；在焕然一新，生活越来越好的孟川村，胡瑞连更是向团员们激情地讲述自己与母亲水窖的渊源、母亲水窖的作用……村民们的现身说法极大地证明和鼓舞了团员们继续参与“母亲水窖”爱心项目的信心和热情。40余名国际友人不仅认捐了60口水窖，还募集到10余万元人民币的善款，用以认捐“母亲邮包”，为甘肃灾区同胞尽绵薄之力。,　　胡瑞连，马来西亚华人，完美(中国)有限公司总裁。但他个人另外一个身份是中国妇发展基会“母亲水窖公益大使”。既因为完美公司是“母亲水窖”第一个捐赠者，也因为完美公司领导、员工、经销商以及供应商的坚持和大力推广，为“母亲水窖”成为了知名的公益品牌提供了有力的支持。,　　从小受马来西亚公益文化的影响，包括胡瑞连在内的完美公司高层在做公益慈善的同时，更多了一份“布道式”的责任感，尤其是“母亲水窖”，从接触的那一天开始，胡瑞连便成了项目的义务宣传员。在他眼中，自己作为“母亲水窖”公益大使，就是“母亲水窖”项目的布道者，有向公众、向社会宣传这个项目的义务。出于这种“布道式”的公益理念，胡瑞连无论是在平时亲朋好友聚会还是企业家聚会时，都不忘向他们推荐“母亲水窖”项目，希望更多的人关注西北部缺水村落，让“有水洗澡”不再成为村民一件奢望的事。,　　九方马管理顾问机构董事长王万军多次随胡瑞连回访“母亲水窖”，在此行的一次记者座谈会上，王万军感叹道：“胡总谈母亲水窖我已经听了6年，6年讲同一个故事不难，难的是每一次讲得比上一次更有激情。”这，就是胡瑞连的“布道公益”。,　　身体力行，布道者自己要先行胡瑞连结缘“母亲水窖”项目还得说到十多年前。,　　2000年，中国妇女发展基金会发起“母亲水窖”项目，用兴建水窖积蓄雨水的方式，帮助西北干旱地区老百姓特别是妇女摆脱因严重缺水带来的贫困和落后。而在当时，并没有企业肯为这个项目捐款。胡瑞连和完美董事长古润金去妇联总部观看了西北村落缺水地区的苦况后，两人深受感触，眼泪都在眼眶里打转，并最后决定将捐款追加到150万元。当时正是完美最困难的时期，却成为第一家捐款的企业。,　　至今，完美公司已经把深度参与“母亲水窖”项目作为企业文化建设的载体，领导层和全体员工累积捐款已达2000万余元人民币，帮助甘肃、宁夏、陕西、新疆、西藏、内蒙等6个省区26个县30666人解决了饮水困难。,　　2004年，那是胡瑞连第一次走进西北部缺水村落，村里沙尘滚滚，灰黄色一片，犹如一片荒芜世界。正是这些“荒芜的村落”触碰到了柔弱的心坎，胡瑞连那时候起就决定要建设更多的水窖，也从不放弃任何一个可以为“母亲水窖”项目做贡献的机会。此后每隔一两年，胡瑞连都会亲身带队，深入甘肃等地察看“母亲水窖”和当地民众的生活。看到缺水的窘境，他会黯然落泪；看到水窖带给村民生活的改变，他会开心地大笑。这个不笑时很严肃，笑起来却让人倍感温暖的高瘦男人，把他最真实的泪水和欢笑寄托在蓄积天赐的甘露之中，浑然不可分离。,　　不同于“捐完款就闲事莫管”的态度，完美公司则更会考虑捐赠项目的落实情况。胡瑞连认为，如果他们的捐款没有落到实处，或者建设过程有偷工减料等行为，则是自己辜负了所有捐款人的信任。为此，他每一两年会带人走访某些受捐水窖村落，了解水窖建设是否完成，村民缺水生活是否得到缓解，从而确认所有捐款都用在村民身上。他还曾雇佣了两名大学生志愿者，在暑假期间走访所有受捐水窖大小村落，并拍摄下水窖建设和完成情况，最后整理反馈至自己那里，确保每一口认捐水窖都落实到位。,　　所幸的是，“母亲水窖”项目实施这么多年以来，一直处于非常良好的运行状态――这让胡瑞连有了布道的底气。,　　胡瑞连知道，个人和一家企业的能力和影响力始终有限，无论认捐多少口水窖，对于甘肃、宁夏、陕西等一带大面积缺水村落而言，都是杯水车薪。深受马来西亚“全民公益”的影响，胡瑞连在生活和工作圈子里开启了自己“布道式”的慈善公益宣传，鼓动更多亲朋好友参与到“母亲水窖”项目中去。公司的员工和经销商、清华总裁班同学、身边的企业家朋友、亲朋好友包括自己的儿子，都成为了胡瑞连“布道”的对象，受他影响的人再一层层地影响其它人，犹如涟漪一圈圈荡漾开去，最终全面扩大项目的关注度和效果。胡在英国读书的儿子，就深受他的影响，不但把零花钱捐出来，还会在同学之间发起募捐行动。,　　林春发，马来西亚华人，也是胡瑞连相识20多年的好友。他每次说起胡瑞连在马来西亚为母亲水窖募捐的情况，都会唏嘘不已：“胡总裁和完美公司在中国的成功故事，在马来西亚非常著名。但他说起母亲水窖，有时候还会流下眼泪。”或许是共同接受马来西亚公益理念的原因，林春发更容易受到胡瑞连的影响，除了自己捐建水窖外，他也成为“母亲水窖”项目的布道者。胡瑞连的法国供应商捐了一个“玛丽艳村”，林春发就发动自己的德国供应商也认捐了一个村子的水窖。这次马来西亚和新加坡爱心人士回访甘肃，就是得益于林春发和另一位爱心人士陈志勇的热心组织。,　　王万军被胡瑞连“布道”则颇有戏剧性。据王万军回忆，2006年，他去找胡瑞连谈个项目，项目没谈成，倒被胡瑞连拽到了甘肃，“本来想找胡总赚点钱，结果钱没赚到，反而被募捐了一笔。我当时刚好写了一本书，把稿费1.5万元捐献了出来，兴建了15口水窖。”更重要的是，王万军被胡瑞连发展成了“母亲水窖”的义务宣传员，后来王万军利用自己在媒体传播的优势和资源，策划了“大爱无疆――珠江儿女续写母亲水窖行动”，联合广东电视台不但募集了2000多万元资金，而且在宣传“母亲水窖”方面起到了重要作用。此外他还曾两次组织媒体朋友随胡瑞连一起探访母亲水窖。“更具戏剧性的是，媒体朋友也未能幸免。那次从广州来的几位媒体记者，都深受感染，每个人除了留点回家打车的费用外，把其余的钱全捐了出来。”正是得益于胡瑞连这种“布道式”公益理念，一层一层往下推广，倡导更多的人参与其中，“母亲水窖”项目如今才得以更快发展。然而，如今这种“布道者”规模还远远未达到胡瑞连心目中的理想状态，他和伙伴们仍在努力着，发展更多的后继“布道者”。,　　媒体扩音器，激发更多响应虽然已经发展很多亲朋好友成为下线“布道者”了，但胡瑞连仍然觉得认捐人的面不够广。慈善公益不应只是企业家或有钱人的专利，还应是社会每个普通人的权利。如何把“母亲水窖”项目推广给每个普通人的问题一直缠绕在胡瑞连的脑海中，久久未能散去。,　　胡瑞连曾在马来西亚《星洲日报》工作过，深谙媒体提升影响力的力量。媒体受众广，阅读者多，通过媒体把“母亲水窖”项目推广出去或许是一个良好渠道。因此，在2006年回访受捐水窖村落时，胡瑞连就邀请了全国28家媒体跟随报道，希望通过媒体的影响力让更多的社会人士了解和参与“母亲水窖”项目。,　　胡瑞连始终认为，“母亲水窖”是一个可以帮助西北缺水村落的极好的公益项目，只是现时影响力太小才未受到大众关注。如果媒体大力宣传，则可以扩大项目影响力。为了提升“母亲水窖”项目的知名度，2010年，完美公司决定投资700万元用于“母亲水窖”项目的媒体宣传――专门捐赠大笔费用用于公益项目的宣传，这在当时应是一个创举。,　　投入700万元用作项目的媒体宣传，胡瑞连的目的很简单，就是为了将“母亲水窖”项目推向全国，让每个人都了解，参与其中，帮助更多的缺水村民。这次回访，胡瑞连不仅邀请了国内媒体参与，还邀请了马来西亚的媒体记者来到现场进行报道，希望藉此把“母亲水窖”、“母亲邮包”项目推向马来西亚。,　　企业做公益总是容易伴随着质疑声，被人说成是企业宣传，或者作秀。对此，胡瑞连自有他的看法，面对媒体记者，他不止一次提到，“人家说我们做这些是为了宣传。你在文章中宣传我和我公司，我会很感谢。如果你不提，只要你在宣传母亲水窖，我同样感谢。”“有人认为这是一个秀，但只要能把这个项目传播出去，让更多的人参与其中，帮助更多的缺水村落解困，那么，我会把这个秀一直做下去。”",c_1123020998, 2013-10-18 11:0,"
大马华商胡瑞连:“布道”式推行“母亲水窖”项目-新",http://www.xinhuanet.com/food/2013-10/18/c_1123020998.htm
,,c_1123020850,,完美公司获评中山市“无毒企业” 22日揭牌_redire,http://www.xinhuanet.com/food/2018-06/22/c_1123020850.htm
 新华网,,c_1123045333, 2018-06-27 16:5,"
完美・中山市禁毒教育基地正式启用-新",http://www.xinhuanet.com/food/2018-06/27/c_1123045333.htm
"
新华网
",,c_1120336585,,"
完美公司获评“中国禁毒爱心企业”-新",http://www.xinhuanet.com/food/2017-01/18/c_1120336585.htm
 新华网,"　　新华网北京9月5日电（胡可璐）近日，中国妇女发展基金会合作发展部主任吴琼接受新华网专访，就女性公益事业、赋权女性、完美公司公益贡献等话题回答记者提问。吴琼表示，完美公司把深度参与母亲系列公益项目作为企业文化建设的载体，创造了具有自身特色的企业文化内涵。完美公司17年来投身公益事业的拳拳赤子心带来很多感动。,　　吴琼介绍，中国妇女发展基金会是5A级基金会，1988年由全国妇联发起成立，宗旨是维护妇女权益，提高妇女素质，促进妇女和妇女事业发展，为构建和谐社会作出应有的贡献。作为中国规模最大的女性公益组织，中国妇女发展基金会坚持赋权女性，围绕减贫、创业、助学、健康、生态保护、家庭关怀等重点领域，汇聚社会资源，推进性别平等和妇女发展。“母亲小额循环”“母亲健康快车”“母亲水窖”“贫困英模母亲资助计划”“母亲邮包”等母亲系列公益项目的实施，改变了贫困地区百姓的生存和生活状况，特别是提高了受益地区女性的生存生活能力，增加了她们的收入，为受益地区百姓得实惠、普受惠、常受惠做出了贡献。,　　吴琼表示，从2000年起，中国妇女发展基金会与完美公司携手开展公益事业，至今已走过17年。17年来，母亲系列公益项目的发展凝聚了完美人的真情奉献，彰显了完美人的崇高精神，体现了完美公司的优秀文化。,　　据悉，截至目前，完美公司17年来向中国妇女发展基金会捐款总计8566万元（含物资）。吴琼说，完美公司17年的支持体现出三个特点：一是坚持将慈善事业与企业发展战略相结合；二是将慈善事业与企业履行社会责任相结合；三是将慈善事业与企业文化建设相结合。,　　“企业文化是企业的灵魂，完美公司把深度参与母亲系列公益项目活动作为企业文化建设的载体，让员工加深对企业文化内容及特征的了解，有效发挥了企业文化的核心作用，成功创造了具有自身特色的企业文化内涵。”吴琼说，“17年间，完美公司领导多次带队，轻车简从赴贫困旱区进行实地考察回访。所到之处，一眼眼水窖、一辆辆快车、一户户变化、一张张笑脸、一声声感谢，见证了妇基会公益项目所发挥的重大作用，并深深感受到企业回报社会、回报母亲的欣慰和完美人的价值。参与其中的员工在亲身感受了项目实施的可喜变化后，说他真正理解了什么叫公益，做了正确的事，为自己的企业自豪。”,　　完美公司支持母亲公益项目，不仅体现在企业高层的身体力行，实地探访，还带动了合作伙伴、经销商、客户的踊跃加入，当志愿者、宣传员，把公益事业做到极致，体现了完美公司的眼界和胸怀。吴琼表示，对于每一分钱的运作，完美公司都亲自把控，争取做到公益效果最大化。完美人的慈善之行，有效地传播了慈善文化和理念，为社会树立了典范，为公益事业发展起到了推动作用。,　　“凝聚更多社会资源，造福更多百姓已成为完美人的真诚愿望。回顾与完美公司相伴而行的17年，双方都学到了经验，获得了资源，分享了快乐。一个优秀的企业带给社会的是优良的产品，一个伟大的企业会努力使社会更美好。完美人用行动很好地诠释了这句话。”吴琼说。",c_1121608199, 2017-09-05 13:1,"
中国妇基会吴琼：赋权女性 完美把公益真正做成一项事业-新",http://www.xinhuanet.com/food/2017-09/05/c_1121608199.htm
